GO	evalue
GO:0006810	0.0
GO:0006897	0.0
GO:0006909	0.0
GO:0008150	0.0
GO:0016192	0.0
GO:0051179	0.0
GO:0051234	0.0
GO:0098657	0.0
GO:0000070	0.0
GO:0000228	0.0
GO:0000278	0.0
GO:0000280	0.0
GO:0000793	0.0
GO:0000794	0.0
GO:0000796	0.0
GO:0000799	0.0
GO:0000819	0.0
GO:0001671	0.0
GO:0003674	0.0
GO:0003682	0.0
GO:0005488	0.0
GO:0005515	0.0
GO:0005575	0.0
GO:0005622	0.0
GO:0005623	0.0
GO:0005634	0.0
GO:0005694	0.0
GO:0005737	0.0
GO:0006323	0.0
GO:0006996	0.0
GO:0007049	0.0
GO:0007059	0.0
GO:0007076	0.0
GO:0008047	0.0
GO:0009987	0.0
GO:0010911	0.0
GO:0010912	0.0
GO:0016043	0.0
GO:0019899	0.0
GO:0022402	0.0
GO:0030234	0.0
GO:0030261	0.0
GO:0031974	0.0
GO:0031981	0.0
GO:0032781	0.0
GO:0032991	0.0
GO:0043085	0.0
GO:0043226	0.0
GO:0043227	0.0
GO:0043228	0.0
GO:0043229	0.0
GO:0043231	0.0
GO:0043232	0.0
GO:0043233	0.0
GO:0043462	0.0
GO:0044093	0.0
GO:0044422	0.0
GO:0044424	0.0
GO:0044427	0.0
GO:0044428	0.0
GO:0044446	0.0
GO:0044454	0.0
GO:0044464	0.0
GO:0044547	0.0
GO:0044815	0.0
GO:0048285	0.0
GO:0050790	0.0
GO:0051276	0.0
GO:0051336	0.0
GO:0051345	0.0
GO:0060589	0.0
GO:0060590	0.0
GO:0065007	0.0
GO:0065009	0.0
GO:0070013	0.0
GO:0071103	0.0
GO:0071840	0.0
GO:0072586	0.0
GO:0072587	0.0
GO:0098772	0.0
GO:0098813	0.0
GO:0140014	0.0
GO:1903047	0.0
GO:2000371	0.0
GO:2000373	0.0
GO:0000323	0.0
GO:0005764	0.0
GO:0005765	0.0
GO:0005768	0.0
GO:0005769	0.0
GO:0005770	0.0
GO:0005773	0.0
GO:0005774	0.0
GO:0005829	0.0
GO:0005938	0.0
GO:0006508	0.0
GO:0006807	0.0
GO:0006914	0.0
GO:0006950	0.0
GO:0007034	0.0
GO:0007041	0.0
GO:0008152	0.0
GO:0008333	0.0
GO:0009056	0.0
GO:0009057	0.0
GO:0009966	0.0
GO:0009967	0.0
GO:0010008	0.0
GO:0010033	0.0
GO:0010243	0.0
GO:0010498	0.0
GO:0010646	0.0
GO:0010647	0.0
GO:0012505	0.0
GO:0016020	0.0
GO:0016197	0.0
GO:0016236	0.0
GO:0019538	0.0
GO:0019898	0.0
GO:0023051	0.0
GO:0023056	0.0
GO:0030111	0.0
GO:0030163	0.0
GO:0030177	0.0
GO:0031090	0.0
GO:0031410	0.0
GO:0031901	0.0
GO:0031902	0.0
GO:0031982	0.0
GO:0032509	0.0
GO:0032510	0.0
GO:0033554	0.0
GO:0034976	0.0
GO:0036503	0.0
GO:0042221	0.0
GO:0043170	0.0
GO:0044237	0.0
GO:0044238	0.0
GO:0044248	0.0
GO:0044257	0.0
GO:0044260	0.0
GO:0044265	0.0
GO:0044267	0.0
GO:0044425	0.0
GO:0044433	0.0
GO:0044437	0.0
GO:0044440	0.0
GO:0044444	0.0
GO:0044448	0.0
GO:0045177	0.0
GO:0045179	0.0
GO:0046907	0.0
GO:0048518	0.0
GO:0048522	0.0
GO:0048583	0.0
GO:0048584	0.0
GO:0050789	0.0
GO:0050794	0.0
GO:0050896	0.0
GO:0051603	0.0
GO:0051641	0.0
GO:0051649	0.0
GO:0051716	0.0
GO:0060828	0.0
GO:0061919	0.0
GO:0071704	0.0
GO:0071944	0.0
GO:0071985	0.0
GO:0090263	0.0
GO:0097708	0.0
GO:0098588	0.0
GO:0098805	0.0
GO:0098852	0.0
GO:0099568	0.0
GO:0099738	0.0
GO:1901564	0.0
GO:1901565	0.0
GO:1901575	0.0
GO:1901698	0.0
GO:0000166	0.0
GO:0000187	0.0
GO:0001614	0.0
GO:0001637	0.0
GO:0001646	0.0
GO:0001653	0.0
GO:0001932	0.0
GO:0001934	0.0
GO:0002029	0.0
GO:0004888	0.0
GO:0004930	0.0
GO:0005886	0.0
GO:0005887	0.0
GO:0006935	0.0
GO:0007154	0.0
GO:0007165	0.0
GO:0007166	0.0
GO:0007186	0.0
GO:0007187	0.0
GO:0007188	0.0
GO:0007189	0.0
GO:0007190	0.0
GO:0008277	0.0
GO:0008528	0.0
GO:0009267	0.0
GO:0009605	0.0
GO:0009893	0.0
GO:0009968	0.0
GO:0009986	0.0
GO:0009991	0.0
GO:0010517	0.0
GO:0010519	0.0
GO:0010562	0.0
GO:0010604	0.0
GO:0010648	0.0
GO:0014070	0.0
GO:0016021	0.0
GO:0016502	0.0
GO:0017076	0.0
GO:0019220	0.0
GO:0019222	0.0
GO:0019932	0.0
GO:0019933	0.0
GO:0019934	0.0
GO:0019935	0.0
GO:0022401	0.0
GO:0023052	0.0
GO:0023057	0.0
GO:0023058	0.0
GO:0030100	0.0
GO:0030551	0.0
GO:0030552	0.0
GO:0030554	0.0
GO:0030587	0.0
GO:0031152	0.0
GO:0031224	0.0
GO:0031226	0.0
GO:0031323	0.0
GO:0031325	0.0
GO:0031399	0.0
GO:0031401	0.0
GO:0031667	0.0
GO:0031668	0.0
GO:0031669	0.0
GO:0032147	0.0
GO:0032148	0.0
GO:0032268	0.0
GO:0032270	0.0
GO:0032502	0.0
GO:0032553	0.0
GO:0032555	0.0
GO:0032559	0.0
GO:0032879	0.0
GO:0033674	0.0
GO:0035556	0.0
GO:0035586	0.0
GO:0035587	0.0
GO:0035590	0.0
GO:0036094	0.0
GO:0038023	0.0
GO:0040011	0.0
GO:0042325	0.0
GO:0042327	0.0
GO:0042330	0.0
GO:0042493	0.0
GO:0042594	0.0
GO:0043086	0.0
GO:0043087	0.0
GO:0043167	0.0
GO:0043168	0.0
GO:0043405	0.0
GO:0043406	0.0
GO:0043408	0.0
GO:0043410	0.0
GO:0043547	0.0
GO:0043549	0.0
GO:0043949	0.0
GO:0043950	0.0
GO:0044092	0.0
GO:0044459	0.0
GO:0044764	0.0
GO:0045472	0.0
GO:0045744	0.0
GO:0045745	0.0
GO:0045859	0.0
GO:0045860	0.0
GO:0045937	0.0
GO:0046578	0.0
GO:0046677	0.0
GO:0048519	0.0
GO:0048523	0.0
GO:0048585	0.0
GO:0048856	0.0
GO:0050764	0.0
GO:0051049	0.0
GO:0051056	0.0
GO:0051128	0.0
GO:0051171	0.0
GO:0051173	0.0
GO:0051174	0.0
GO:0051246	0.0
GO:0051247	0.0
GO:0051338	0.0
GO:0051346	0.0
GO:0051347	0.0
GO:0051703	0.0
GO:0051704	0.0
GO:0060089	0.0
GO:0060191	0.0
GO:0060192	0.0
GO:0060255	0.0
GO:0060627	0.0
GO:0071496	0.0
GO:0071900	0.0
GO:0071902	0.0
GO:0080090	0.0
GO:0080184	0.0
GO:0090630	0.0
GO:0090702	0.0
GO:0097159	0.0
GO:0097327	0.0
GO:0097367	0.0
GO:0097696	0.0
GO:0098630	0.0
GO:0098743	0.0
GO:0099120	0.0
GO:0106070	0.0
GO:0106071	0.0
GO:1900274	0.0
GO:1900275	0.0
GO:1901265	0.0
GO:1901363	0.0
GO:1901654	0.0
GO:1901700	0.0
GO:1902168	0.0
GO:1902531	0.0
GO:1902533	0.0
GO:1904643	0.0
GO:1905395	0.0
GO:0000003	0.0
GO:0000226	0.0
GO:0000775	0.0
GO:0000776	0.0
GO:0000777	0.0
GO:0000778	0.0
GO:0000779	0.0
GO:0000780	0.0
GO:0000922	0.0
GO:0000940	0.0
GO:0000942	0.0
GO:0005815	0.0
GO:0005816	0.0
GO:0005819	0.0
GO:0005827	0.0
GO:0005856	0.0
GO:0005874	0.0
GO:0005876	0.0
GO:0005881	0.0
GO:0006928	0.0
GO:0007010	0.0
GO:0007017	0.0
GO:0007018	0.0
GO:0007051	0.0
GO:0007052	0.0
GO:0007080	0.0
GO:0007127	0.0
GO:0008017	0.0
GO:0008092	0.0
GO:0008608	0.0
GO:0010564	0.0
GO:0010638	0.0
GO:0015630	0.0
GO:0015631	0.0
GO:0022414	0.0
GO:0030863	0.0
GO:0030981	0.0
GO:0031110	0.0
GO:0031112	0.0
GO:0031113	0.0
GO:0031116	0.0
GO:0031134	0.0
GO:0031334	0.0
GO:0032271	0.0
GO:0032273	0.0
GO:0032886	0.0
GO:0033043	0.0
GO:0042729	0.0
GO:0043254	0.0
GO:0044087	0.0
GO:0044089	0.0
GO:0044430	0.0
GO:0044732	0.0
GO:0045132	0.0
GO:0045143	0.0
GO:0045787	0.0
GO:0050000	0.0
GO:0051010	0.0
GO:0051012	0.0
GO:0051130	0.0
GO:0051303	0.0
GO:0051310	0.0
GO:0051315	0.0
GO:0051316	0.0
GO:0051321	0.0
GO:0051455	0.0
GO:0051493	0.0
GO:0051495	0.0
GO:0051640	0.0
GO:0051656	0.0
GO:0051726	0.0
GO:0051983	0.0
GO:0051984	0.0
GO:0051987	0.0
GO:0051988	0.0
GO:0055028	0.0
GO:0061982	0.0
GO:0070507	0.0
GO:0072686	0.0
GO:0090068	0.0
GO:0098687	0.0
GO:0099080	0.0
GO:0099081	0.0
GO:0099512	0.0
GO:0099513	0.0
GO:0140013	0.0
GO:1902850	0.0
GO:1902903	0.0
GO:1902905	0.0
GO:1903046	0.0
GO:1905185	0.0
GO:1990498	0.0
GO:1990537	0.0
GO:1990758	0.0
GO:1990942	0.0
GO:0000814	0.0
GO:0006511	0.0
GO:0006886	0.0
GO:0008104	0.0
GO:0015031	0.0
GO:0015833	0.0
GO:0019941	0.0
GO:0032511	0.0
GO:0033036	0.0
GO:0033365	0.0
GO:0034613	0.0
GO:0036452	0.0
GO:0042886	0.0
GO:0043162	0.0
GO:0043328	0.0
GO:0043632	0.0
GO:0045184	0.0
GO:0045324	0.0
GO:0070727	0.0
GO:0071702	0.0
GO:0071705	0.0
GO:0072594	0.0
GO:0072665	0.0
GO:0072666	0.0
GO:0098796	0.0
GO:0000082	0.0
GO:0000086	0.0
GO:0000151	0.0
GO:0000152	0.0
GO:0003676	0.0
GO:0003677	0.0
GO:0003688	0.0
GO:0003690	0.0
GO:0006275	0.0
GO:0007346	0.0
GO:0008156	0.0
GO:0009889	0.0
GO:0009890	0.0
GO:0009892	0.0
GO:0010556	0.0
GO:0010558	0.0
GO:0010605	0.0
GO:0010948	0.0
GO:0019005	0.0
GO:0019219	0.0
GO:0030174	0.0
GO:0030674	0.0
GO:0031146	0.0
GO:0031324	0.0
GO:0031326	0.0
GO:0031327	0.0
GO:0031461	0.0
GO:0031625	0.0
GO:0032297	0.0
GO:0033262	0.0
GO:0043161	0.0
GO:0043224	0.0
GO:0043565	0.0
GO:0044389	0.0
GO:0044770	0.0
GO:0044772	0.0
GO:0044839	0.0
GO:0044843	0.0
GO:0045786	0.0
GO:0045930	0.0
GO:0045934	0.0
GO:0051052	0.0
GO:0051053	0.0
GO:0051172	0.0
GO:0060090	0.0
GO:0090329	0.0
GO:1902494	0.0
GO:1902576	0.0
GO:1903463	0.0
GO:1903464	0.0
GO:1903466	0.0
GO:1903467	0.0
GO:1990234	0.0
GO:1990837	0.0
GO:2000104	0.0
GO:2000112	0.0
GO:2000113	0.0
GO:0000731	0.0
GO:0002039	0.0
GO:0003824	0.0
GO:0004842	0.0
GO:0005102	0.0
GO:0005654	0.0
GO:0006139	0.0
GO:0006259	0.0
GO:0006281	0.0
GO:0006301	0.0
GO:0006464	0.0
GO:0006725	0.0
GO:0006974	0.0
GO:0008270	0.0
GO:0009058	0.0
GO:0009059	0.0
GO:0009894	0.0
GO:0009896	0.0
GO:0016567	0.0
GO:0016604	0.0
GO:0016607	0.0
GO:0016740	0.0
GO:0018130	0.0
GO:0019438	0.0
GO:0019787	0.0
GO:0019985	0.0
GO:0030162	0.0
GO:0031329	0.0
GO:0031331	0.0
GO:0031396	0.0
GO:0031398	0.0
GO:0032434	0.0
GO:0032436	0.0
GO:0032446	0.0
GO:0034641	0.0
GO:0034645	0.0
GO:0034654	0.0
GO:0036211	0.0
GO:0042176	0.0
GO:0042802	0.0
GO:0042803	0.0
GO:0043169	0.0
GO:0043412	0.0
GO:0044249	0.0
GO:0044271	0.0
GO:0044451	0.0
GO:0045732	0.0
GO:0045862	0.0
GO:0046483	0.0
GO:0046872	0.0
GO:0046914	0.0
GO:0046983	0.0
GO:0051865	0.0
GO:0061136	0.0
GO:0061630	0.0
GO:0061659	0.0
GO:0070647	0.0
GO:0070987	0.0
GO:0071897	0.0
GO:0090304	0.0
GO:0140096	0.0
GO:1901360	0.0
GO:1901362	0.0
GO:1901576	0.0
GO:1901800	0.0
GO:1903050	0.0
GO:1903052	0.0
GO:1903320	0.0
GO:1903322	0.0
GO:1903362	0.0
GO:1903364	0.0
GO:2000058	0.0
GO:2000060	0.0
GO:0000027	0.0
GO:0003006	0.0
GO:0004721	0.0
GO:0004725	0.0
GO:0006470	0.0
GO:0006793	0.0
GO:0006796	0.0
GO:0008138	0.0
GO:0009272	0.0
GO:0009653	0.0
GO:0010494	0.0
GO:0010506	0.0
GO:0010508	0.0
GO:0010927	0.0
GO:0016239	0.0
GO:0016241	0.0
GO:0016311	0.0
GO:0016787	0.0
GO:0016788	0.0
GO:0016791	0.0
GO:0019953	0.0
GO:0022413	0.0
GO:0022607	0.0
GO:0022613	0.0
GO:0022618	0.0
GO:0030154	0.0
GO:0030435	0.0
GO:0030437	0.0
GO:0030476	0.0
GO:0030684	0.0
GO:0030687	0.0
GO:0031505	0.0
GO:0032505	0.0
GO:0032989	0.0
GO:0034293	0.0
GO:0034622	0.0
GO:0035335	0.0
GO:0035770	0.0
GO:0036464	0.0
GO:0042244	0.0
GO:0042254	0.0
GO:0042255	0.0
GO:0042273	0.0
GO:0042546	0.0
GO:0042578	0.0
GO:0043933	0.0
GO:0043934	0.0
GO:0043935	0.0
GO:0044085	0.0
GO:0044088	0.0
GO:0044090	0.0
GO:0044703	0.0
GO:0045229	0.0
GO:0048468	0.0
GO:0048646	0.0
GO:0048869	0.0
GO:0065003	0.0
GO:0070590	0.0
GO:0070591	0.0
GO:0070726	0.0
GO:0070925	0.0
GO:0071554	0.0
GO:0071555	0.0
GO:0071826	0.0
GO:0071852	0.0
GO:0071940	0.0
GO:1902115	0.0
GO:1902117	0.0
GO:1990904	0.0
GO:2000785	0.0
GO:2000786	0.0
GO:0004392	0.0
GO:0006778	0.0
GO:0006787	0.0
GO:0006788	0.0
GO:0006979	0.0
GO:0016491	0.0
GO:0016705	0.0
GO:0019439	0.0
GO:0020037	0.0
GO:0033013	0.0
GO:0033015	0.0
GO:0042167	0.0
GO:0042168	0.0
GO:0042440	0.0
GO:0042592	0.0
GO:0044270	0.0
GO:0046149	0.0
GO:0046700	0.0
GO:0046906	0.0
GO:0048037	0.0
GO:0048878	0.0
GO:0050801	0.0
GO:0051186	0.0
GO:0051187	0.0
GO:0055065	0.0
GO:0055072	0.0
GO:0055076	0.0
GO:0055080	0.0
GO:0055114	0.0
GO:0065008	0.0
GO:0098771	0.0
GO:1901361	0.0
GO:0003008	0.0
GO:0007600	0.0
GO:0007601	0.0
GO:0032501	0.0
GO:0050877	0.0
GO:0050953	0.0
GO:0072657	0.0
GO:0072659	0.0
GO:1990778	0.0
GO:0005739	0.0
GO:0006915	0.0
GO:0008219	0.0
GO:0010821	0.0
GO:0010822	0.0
GO:0010941	0.0
GO:0010942	0.0
GO:0010950	0.0
GO:0010952	0.0
GO:0012501	0.0
GO:0042981	0.0
GO:0043065	0.0
GO:0043067	0.0
GO:0043068	0.0
GO:0043280	0.0
GO:0043281	0.0
GO:0052547	0.0
GO:0052548	0.0
GO:0090199	0.0
GO:0090200	0.0
GO:0097190	0.0
GO:0097193	0.0
GO:2000116	0.0
GO:2001056	0.0
GO:2001233	0.0
GO:2001235	0.0
GO:0005048	0.0
GO:0005215	0.0
GO:0005635	0.0
GO:0006606	0.0
GO:0006913	0.0
GO:0008139	0.0
GO:0008565	0.0
GO:0010468	0.0
GO:0017038	0.0
GO:0031965	0.0
GO:0031967	0.0
GO:0031975	0.0
GO:0033218	0.0
GO:0034504	0.0
GO:0042277	0.0
GO:0043484	0.0
GO:0048024	0.0
GO:0050684	0.0
GO:0051169	0.0
GO:0051170	0.0
GO:0051252	0.0
GO:1903311	0.0
GO:0000287	0.0
GO:0001516	0.0
GO:0004364	0.0
GO:0004601	0.0
GO:0004602	0.0
GO:0004667	0.0
GO:0005509	0.0
GO:0006082	0.0
GO:0006518	0.0
GO:0006575	0.0
GO:0006629	0.0
GO:0006631	0.0
GO:0006633	0.0
GO:0006636	0.0
GO:0006690	0.0
GO:0006692	0.0
GO:0006693	0.0
GO:0006749	0.0
GO:0006790	0.0
GO:0008285	0.0
GO:0008610	0.0
GO:0009636	0.0
GO:0016053	0.0
GO:0016209	0.0
GO:0016684	0.0
GO:0016765	0.0
GO:0016853	0.0
GO:0016860	0.0
GO:0019752	0.0
GO:0032787	0.0
GO:0033559	0.0
GO:0042127	0.0
GO:0043436	0.0
GO:0043603	0.0
GO:0043900	0.0
GO:0043901	0.0
GO:0044255	0.0
GO:0044281	0.0
GO:0044283	0.0
GO:0046394	0.0
GO:0046456	0.0
GO:0046457	0.0
GO:0051239	0.0
GO:0051241	0.0
GO:0070887	0.0
GO:0072330	0.0
GO:0097237	0.0
GO:0098754	0.0
GO:0098869	0.0
GO:1901568	0.0
GO:1901570	0.0
GO:1905936	0.0
GO:1905937	0.0
GO:1990748	0.0
GO:2000241	0.0
GO:2000242	0.0
GO:2000254	0.0
GO:2000255	0.0
GO:0000902	0.0
GO:0000904	0.0
GO:0001941	0.0
GO:0003779	0.0
GO:0005794	0.0
GO:0005802	0.0
GO:0006892	0.0
GO:0006895	0.0
GO:0007015	0.0
GO:0007030	0.0
GO:0007163	0.0
GO:0007275	0.0
GO:0007399	0.0
GO:0007409	0.0
GO:0007411	0.0
GO:0008154	0.0
GO:0010256	0.0
GO:0016477	0.0
GO:0016482	0.0
GO:0022008	0.0
GO:0030010	0.0
GO:0030029	0.0
GO:0030030	0.0
GO:0030036	0.0
GO:0030041	0.0
GO:0030182	0.0
GO:0030424	0.0
GO:0030426	0.0
GO:0030427	0.0
GO:0031175	0.0
GO:0031532	0.0
GO:0031594	0.0
GO:0031984	0.0
GO:0032153	0.0
GO:0032154	0.0
GO:0032155	0.0
GO:0032990	0.0
GO:0033267	0.0
GO:0042995	0.0
GO:0043005	0.0
GO:0043113	0.0
GO:0044431	0.0
GO:0044463	0.0
GO:0044877	0.0
GO:0045202	0.0
GO:0048193	0.0
GO:0048666	0.0
GO:0048667	0.0
GO:0048699	0.0
GO:0048731	0.0
GO:0048812	0.0
GO:0048858	0.0
GO:0048870	0.0
GO:0050808	0.0
GO:0051015	0.0
GO:0051258	0.0
GO:0051285	0.0
GO:0051286	0.0
GO:0051668	0.0
GO:0051674	0.0
GO:0061024	0.0
GO:0061564	0.0
GO:0072578	0.0
GO:0097113	0.0
GO:0097435	0.0
GO:0097458	0.0
GO:0097485	0.0
GO:0097688	0.0
GO:0098590	0.0
GO:0098791	0.0
GO:0099173	0.0
GO:0120025	0.0
GO:0120036	0.0
GO:0120038	0.0
GO:0120039	0.0
GO:0150034	0.0
GO:0006325	0.0
GO:0006333	0.0
GO:0006334	0.0
GO:0006336	0.0
GO:0006338	0.0
GO:0006351	0.0
GO:0006354	0.0
GO:0006366	0.0
GO:0006368	0.0
GO:0010467	0.0
GO:0016070	0.0
GO:0031055	0.0
GO:0031497	0.0
GO:0032774	0.0
GO:0034080	0.0
GO:0034508	0.0
GO:0034724	0.0
GO:0034728	0.0
GO:0035861	0.0
GO:0043044	0.0
GO:0043486	0.0
GO:0061641	0.0
GO:0065004	0.0
GO:0071824	0.0
GO:0090734	0.0
GO:0097659	0.0
GO:0001558	0.0
GO:0007276	0.0
GO:0007283	0.0
GO:0009888	0.0
GO:0010876	0.0
GO:0019915	0.0
GO:0030856	0.0
GO:0032504	0.0
GO:0036465	0.0
GO:0040008	0.0
GO:0045444	0.0
GO:0045595	0.0
GO:0048232	0.0
GO:0048488	0.0
GO:0048513	0.0
GO:0048609	0.0
GO:0050793	0.0
GO:0051235	0.0
GO:0051647	0.0
GO:0060612	0.0
GO:0061448	0.0
GO:0099003	0.0
GO:0099504	0.0
GO:2000026	0.0
GO:0000075	0.0
GO:0000076	0.0
GO:0000077	0.0
GO:0000122	0.0
GO:0000123	0.0
GO:0000785	0.0
GO:0000790	0.0
GO:0000976	0.0
GO:0000977	0.0
GO:0000978	0.0
GO:0000981	0.0
GO:0000982	0.0
GO:0000987	0.0
GO:0000988	0.0
GO:0000989	0.0
GO:0001012	0.0
GO:0001047	0.0
GO:0001067	0.0
GO:0001076	0.0
GO:0001078	0.0
GO:0001085	0.0
GO:0001091	0.0
GO:0001093	0.0
GO:0001098	0.0
GO:0001099	0.0
GO:0001102	0.0
GO:0001191	0.0
GO:0001227	0.0
GO:0001228	0.0
GO:0001501	0.0
GO:0001505	0.0
GO:0001654	0.0
GO:0001666	0.0
GO:0001736	0.0
GO:0001738	0.0
GO:0001745	0.0
GO:0001751	0.0
GO:0001752	0.0
GO:0001754	0.0
GO:0001756	0.0
GO:0001775	0.0
GO:0001817	0.0
GO:0001818	0.0
GO:0001819	0.0
GO:0002009	0.0
GO:0002064	0.0
GO:0002065	0.0
GO:0002066	0.0
GO:0002218	0.0
GO:0002220	0.0
GO:0002223	0.0
GO:0002253	0.0
GO:0002376	0.0
GO:0002429	0.0
GO:0002520	0.0
GO:0002521	0.0
GO:0002682	0.0
GO:0002684	0.0
GO:0002757	0.0
GO:0002758	0.0
GO:0002764	0.0
GO:0002768	0.0
GO:0002791	0.0
GO:0002793	0.0
GO:0003002	0.0
GO:0003684	0.0
GO:0003700	0.0
GO:0003712	0.0
GO:0003713	0.0
GO:0003723	0.0
GO:0003823	0.0
GO:0004402	0.0
GO:0004468	0.0
GO:0005667	0.0
GO:0005700	0.0
GO:0006283	0.0
GO:0006289	0.0
GO:0006352	0.0
GO:0006355	0.0
GO:0006357	0.0
GO:0006367	0.0
GO:0006417	0.0
GO:0006473	0.0
GO:0006474	0.0
GO:0006475	0.0
GO:0006479	0.0
GO:0006836	0.0
GO:0006977	0.0
GO:0006986	0.0
GO:0006990	0.0
GO:0007088	0.0
GO:0007093	0.0
GO:0007164	0.0
GO:0007219	0.0
GO:0007221	0.0
GO:0007224	0.0
GO:0007267	0.0
GO:0007268	0.0
GO:0007269	0.0
GO:0007281	0.0
GO:0007292	0.0
GO:0007389	0.0
GO:0007416	0.0
GO:0007423	0.0
GO:0007464	0.0
GO:0007507	0.0
GO:0007517	0.0
GO:0007519	0.0
GO:0007610	0.0
GO:0007622	0.0
GO:0007623	0.0
GO:0007626	0.0
GO:0008013	0.0
GO:0008022	0.0
GO:0008080	0.0
GO:0008134	0.0
GO:0008140	0.0
GO:0008213	0.0
GO:0008283	0.0
GO:0008347	0.0
GO:0008361	0.0
GO:0008589	0.0
GO:0008593	0.0
GO:0008630	0.0
GO:0009266	0.0
GO:0009314	0.0
GO:0009410	0.0
GO:0009411	0.0
GO:0009416	0.0
GO:0009607	0.0
GO:0009615	0.0
GO:0009628	0.0
GO:0009719	0.0
GO:0009725	0.0
GO:0009743	0.0
GO:0009746	0.0
GO:0009749	0.0
GO:0009790	0.0
GO:0009792	0.0
GO:0009887	0.0
GO:0009891	0.0
GO:0009952	0.0
GO:0010035	0.0
GO:0010038	0.0
GO:0010466	0.0
GO:0010484	0.0
GO:0010557	0.0
GO:0010559	0.0
GO:0010560	0.0
GO:0010608	0.0
GO:0010628	0.0
GO:0010629	0.0
GO:0010712	0.0
GO:0010714	0.0
GO:0010720	0.0
GO:0010742	0.0
GO:0010769	0.0
GO:0010770	0.0
GO:0010951	0.0
GO:0010975	0.0
GO:0010976	0.0
GO:0014706	0.0
GO:0014735	0.0
GO:0014737	0.0
GO:0014744	0.0
GO:0016055	0.0
GO:0016407	0.0
GO:0016410	0.0
GO:0016569	0.0
GO:0016570	0.0
GO:0016571	0.0
GO:0016573	0.0
GO:0016605	0.0
GO:0016746	0.0
GO:0016747	0.0
GO:0018022	0.0
GO:0018076	0.0
GO:0018193	0.0
GO:0018205	0.0
GO:0018393	0.0
GO:0018394	0.0
GO:0019216	0.0
GO:0019827	0.0
GO:0019900	0.0
GO:0019901	0.0
GO:0019904	0.0
GO:0022412	0.0
GO:0022603	0.0
GO:0022604	0.0
GO:0023061	0.0
GO:0030097	0.0
GO:0030098	0.0
GO:0030099	0.0
GO:0030178	0.0
GO:0030183	0.0
GO:0030219	0.0
GO:0030220	0.0
GO:0030307	0.0
GO:0030323	0.0
GO:0030324	0.0
GO:0030326	0.0
GO:0030330	0.0
GO:0030516	0.0
GO:0030707	0.0
GO:0030718	0.0
GO:0030855	0.0
GO:0030968	0.0
GO:0031056	0.0
GO:0031058	0.0
GO:0031248	0.0
GO:0031328	0.0
GO:0031333	0.0
GO:0031344	0.0
GO:0031346	0.0
GO:0031347	0.0
GO:0031349	0.0
GO:0031365	0.0
GO:0031490	0.0
GO:0031570	0.0
GO:0031571	0.0
GO:0031647	0.0
GO:0031648	0.0
GO:0031960	0.0
GO:0032092	0.0
GO:0032259	0.0
GO:0032269	0.0
GO:0032386	0.0
GO:0032388	0.0
GO:0032459	0.0
GO:0032460	0.0
GO:0032479	0.0
GO:0032480	0.0
GO:0032481	0.0
GO:0032535	0.0
GO:0032648	0.0
GO:0032688	0.0
GO:0032793	0.0
GO:0032880	0.0
GO:0032922	0.0
GO:0032940	0.0
GO:0032956	0.0
GO:0032965	0.0
GO:0032967	0.0
GO:0032970	0.0
GO:0032993	0.0
GO:0033044	0.0
GO:0033143	0.0
GO:0033157	0.0
GO:0033158	0.0
GO:0033160	0.0
GO:0033613	0.0
GO:0033993	0.0
GO:0034097	0.0
GO:0034212	0.0
GO:0034248	0.0
GO:0034250	0.0
GO:0034284	0.0
GO:0034620	0.0
GO:0034644	0.0
GO:0034708	0.0
GO:0034968	0.0
GO:0035065	0.0
GO:0035066	0.0
GO:0035097	0.0
GO:0035107	0.0
GO:0035108	0.0
GO:0035113	0.0
GO:0035257	0.0
GO:0035258	0.0
GO:0035259	0.0
GO:0035282	0.0
GO:0035295	0.0
GO:0035728	0.0
GO:0035729	0.0
GO:0035821	0.0
GO:0035855	0.0
GO:0035966	0.0
GO:0035967	0.0
GO:0036002	0.0
GO:0036293	0.0
GO:0036294	0.0
GO:0036344	0.0
GO:0040029	0.0
GO:0040040	0.0
GO:0042035	0.0
GO:0042036	0.0
GO:0042063	0.0
GO:0042067	0.0
GO:0042113	0.0
GO:0042306	0.0
GO:0042307	0.0
GO:0042706	0.0
GO:0042733	0.0
GO:0042770	0.0
GO:0042771	0.0
GO:0042975	0.0
GO:0043009	0.0
GO:0043066	0.0
GO:0043069	0.0
GO:0043154	0.0
GO:0043207	0.0
GO:0043388	0.0
GO:0043393	0.0
GO:0043414	0.0
GO:0043425	0.0
GO:0043426	0.0
GO:0043491	0.0
GO:0043502	0.0
GO:0043543	0.0
GO:0043618	0.0
GO:0043620	0.0
GO:0043627	0.0
GO:0043902	0.0
GO:0043903	0.0
GO:0043921	0.0
GO:0043923	0.0
GO:0043966	0.0
GO:0043967	0.0
GO:0043969	0.0
GO:0043971	0.0
GO:0043974	0.0
GO:0043982	0.0
GO:0043983	0.0
GO:0043993	0.0
GO:0044017	0.0
GO:0044057	0.0
GO:0044212	0.0
GO:0044403	0.0
GO:0044419	0.0
GO:0044773	0.0
GO:0044774	0.0
GO:0044783	0.0
GO:0044798	0.0
GO:0044819	0.0
GO:0045088	0.0
GO:0045089	0.0
GO:0045165	0.0
GO:0045321	0.0
GO:0045357	0.0
GO:0045358	0.0
GO:0045466	0.0
GO:0045475	0.0
GO:0045597	0.0
GO:0045637	0.0
GO:0045652	0.0
GO:0045664	0.0
GO:0045666	0.0
GO:0045727	0.0
GO:0045747	0.0
GO:0045773	0.0
GO:0045793	0.0
GO:0045815	0.0
GO:0045861	0.0
GO:0045892	0.0
GO:0045893	0.0
GO:0045927	0.0
GO:0045931	0.0
GO:0045935	0.0
GO:0045944	0.0
GO:0046332	0.0
GO:0046530	0.0
GO:0046552	0.0
GO:0046649	0.0
GO:0046782	0.0
GO:0046822	0.0
GO:0046824	0.0
GO:0046903	0.0
GO:0046982	0.0
GO:0048056	0.0
GO:0048477	0.0
GO:0048511	0.0
GO:0048512	0.0
GO:0048524	0.0
GO:0048525	0.0
GO:0048534	0.0
GO:0048545	0.0
GO:0048592	0.0
GO:0048598	0.0
GO:0048638	0.0
GO:0048639	0.0
GO:0048663	0.0
GO:0048729	0.0
GO:0048736	0.0
GO:0048749	0.0
GO:0050434	0.0
GO:0050681	0.0
GO:0050708	0.0
GO:0050714	0.0
GO:0050767	0.0
GO:0050769	0.0
GO:0050770	0.0
GO:0050772	0.0
GO:0050776	0.0
GO:0050778	0.0
GO:0050792	0.0
GO:0050821	0.0
GO:0051019	0.0
GO:0051046	0.0
GO:0051047	0.0
GO:0051050	0.0
GO:0051059	0.0
GO:0051090	0.0
GO:0051091	0.0
GO:0051094	0.0
GO:0051098	0.0
GO:0051099	0.0
GO:0051101	0.0
GO:0051129	0.0
GO:0051147	0.0
GO:0051149	0.0
GO:0051153	0.0
GO:0051155	0.0
GO:0051216	0.0
GO:0051222	0.0
GO:0051223	0.0
GO:0051240	0.0
GO:0051248	0.0
GO:0051253	0.0
GO:0051254	0.0
GO:0051384	0.0
GO:0051427	0.0
GO:0051568	0.0
GO:0051592	0.0
GO:0051604	0.0
GO:0051702	0.0
GO:0051707	0.0
GO:0051783	0.0
GO:0051817	0.0
GO:0051851	0.0
GO:0051960	0.0
GO:0051962	0.0
GO:0052312	0.0
GO:0052472	0.0
GO:0060173	0.0
GO:0060177	0.0
GO:0060284	0.0
GO:0060297	0.0
GO:0060298	0.0
GO:0060341	0.0
GO:0060348	0.0
GO:0060353	0.0
GO:0060355	0.0
GO:0060429	0.0
GO:0060537	0.0
GO:0060538	0.0
GO:0060541	0.0
GO:0060548	0.0
GO:0060765	0.0
GO:0061053	0.0
GO:0061061	0.0
GO:0061387	0.0
GO:0061418	0.0
GO:0061515	0.0
GO:0061733	0.0
GO:0061920	0.0
GO:0061921	0.0
GO:0070201	0.0
GO:0070482	0.0
GO:0070555	0.0
GO:0070848	0.0
GO:0071156	0.0
GO:0071158	0.0
GO:0071214	0.0
GO:0071310	0.0
GO:0071363	0.0
GO:0071453	0.0
GO:0071456	0.0
GO:0071478	0.0
GO:0071482	0.0
GO:0071548	0.0
GO:0072331	0.0
GO:0072332	0.0
GO:0072359	0.0
GO:0072395	0.0
GO:0072401	0.0
GO:0072413	0.0
GO:0072422	0.0
GO:0072431	0.0
GO:0080134	0.0
GO:0080135	0.0
GO:0090043	0.0
GO:0090066	0.0
GO:0090077	0.0
GO:0090087	0.0
GO:0090090	0.0
GO:0090257	0.0
GO:0090311	0.0
GO:0090316	0.0
GO:0090575	0.0
GO:0090596	0.0
GO:0097157	0.0
GO:0097677	0.0
GO:0097718	0.0
GO:0098586	0.0
GO:0098727	0.0
GO:0098751	0.0
GO:0098916	0.0
GO:0099536	0.0
GO:0099537	0.0
GO:0099643	0.0
GO:0104004	0.0
GO:0110020	0.0
GO:0120035	0.0
GO:0140064	0.0
GO:0140065	0.0
GO:0140066	0.0
GO:0140067	0.0
GO:0140068	0.0
GO:0140069	0.0
GO:0140110	0.0
GO:0198738	0.0
GO:1900034	0.0
GO:1900087	0.0
GO:1900180	0.0
GO:1900182	0.0
GO:1901222	0.0
GO:1901224	0.0
GO:1901522	0.0
GO:1901796	0.0
GO:1901983	0.0
GO:1901985	0.0
GO:1901987	0.0
GO:1901988	0.0
GO:1901989	0.0
GO:1901990	0.0
GO:1901991	0.0
GO:1901992	0.0
GO:1902275	0.0
GO:1902400	0.0
GO:1902402	0.0
GO:1902403	0.0
GO:1902493	0.0
GO:1902679	0.0
GO:1902680	0.0
GO:1902806	0.0
GO:1902807	0.0
GO:1902808	0.0
GO:1903018	0.0
GO:1903020	0.0
GO:1903506	0.0
GO:1903507	0.0
GO:1903508	0.0
GO:1903530	0.0
GO:1903532	0.0
GO:1903706	0.0
GO:1903827	0.0
GO:1903829	0.0
GO:1904589	0.0
GO:1904591	0.0
GO:1904837	0.0
GO:1904951	0.0
GO:1905114	0.0
GO:1905269	0.0
GO:1990226	0.0
GO:1990405	0.0
GO:1990841	0.0
GO:2000045	0.0
GO:2000117	0.0
GO:2000134	0.0
GO:2000628	0.0
GO:2000629	0.0
GO:2000756	0.0
GO:2000758	0.0
GO:2001141	0.0
GO:2001252	0.0
GO:0000079	0.0
GO:0000281	0.0
GO:0000307	0.0
GO:0000578	0.0
GO:0000910	0.0
GO:0000920	0.0
GO:0001101	0.0
GO:0001556	0.0
GO:0001700	0.0
GO:0001701	0.0
GO:0001776	0.0
GO:0001837	0.0
GO:0001933	0.0
GO:0002082	0.0
GO:0002260	0.0
GO:0003007	0.0
GO:0004672	0.0
GO:0004674	0.0
GO:0004693	0.0
GO:0005113	0.0
GO:0005813	0.0
GO:0006140	0.0
GO:0006468	0.0
GO:0006997	0.0
GO:0006998	0.0
GO:0007077	0.0
GO:0007079	0.0
GO:0007350	0.0
GO:0007351	0.0
GO:0008284	0.0
GO:0008595	0.0
GO:0009611	0.0
GO:0009612	0.0
GO:0009798	0.0
GO:0009880	0.0
GO:0009948	0.0
GO:0009994	0.0
GO:0010039	0.0
GO:0010041	0.0
GO:0010389	0.0
GO:0010563	0.0
GO:0010965	0.0
GO:0010971	0.0
GO:0016202	0.0
GO:0016301	0.0
GO:0016310	0.0
GO:0016538	0.0
GO:0016572	0.0
GO:0016772	0.0
GO:0016773	0.0
GO:0017085	0.0
GO:0018105	0.0
GO:0018209	0.0
GO:0019207	0.0
GO:0019209	0.0
GO:0019887	0.0
GO:0021700	0.0
GO:0022411	0.0
GO:0030071	0.0
GO:0030295	0.0
GO:0030397	0.0
GO:0031099	0.0
GO:0031145	0.0
GO:0031400	0.0
GO:0031440	0.0
GO:0031442	0.0
GO:0033045	0.0
GO:0033047	0.0
GO:0033127	0.0
GO:0033129	0.0
GO:0033301	0.0
GO:0035051	0.0
GO:0035186	0.0
GO:0035404	0.0
GO:0035561	0.0
GO:0040007	0.0
GO:0042060	0.0
GO:0042246	0.0
GO:0042326	0.0
GO:0042692	0.0
GO:0043029	0.0
GO:0043457	0.0
GO:0043467	0.0
GO:0043539	0.0
GO:0043987	0.0
GO:0045448	0.0
GO:0045737	0.0
GO:0045844	0.0
GO:0045936	0.0
GO:0045981	0.0
GO:0046620	0.0
GO:0046622	0.0
GO:0046680	0.0
GO:0048134	0.0
GO:0048145	0.0
GO:0048146	0.0
GO:0048469	0.0
GO:0048538	0.0
GO:0048565	0.0
GO:0048589	0.0
GO:0048599	0.0
GO:0048634	0.0
GO:0048636	0.0
GO:0048732	0.0
GO:0048738	0.0
GO:0048762	0.0
GO:0048872	0.0
GO:0050685	0.0
GO:0051081	0.0
GO:0051146	0.0
GO:0051233	0.0
GO:0051301	0.0
GO:0051305	0.0
GO:0055001	0.0
GO:0055002	0.0
GO:0055006	0.0
GO:0055007	0.0
GO:0055012	0.0
GO:0055013	0.0
GO:0055015	0.0
GO:0055021	0.0
GO:0055023	0.0
GO:0055024	0.0
GO:0055025	0.0
GO:0055123	0.0
GO:0060043	0.0
GO:0060045	0.0
GO:0060317	0.0
GO:0060420	0.0
GO:0060421	0.0
GO:0060485	0.0
GO:0060623	0.0
GO:0061575	0.0
GO:0061640	0.0
GO:0061695	0.0
GO:0062012	0.0
GO:0062013	0.0
GO:0070542	0.0
GO:0071229	0.0
GO:0071241	0.0
GO:0071248	0.0
GO:0071281	0.0
GO:0071283	0.0
GO:0071396	0.0
GO:0071398	0.0
GO:0071407	0.0
GO:0071695	0.0
GO:0090231	0.0
GO:0090266	0.0
GO:0097125	0.0
GO:0097472	0.0
GO:1900542	0.0
GO:1900544	0.0
GO:1901701	0.0
GO:1901857	0.0
GO:1901861	0.0
GO:1901863	0.0
GO:1901976	0.0
GO:1902099	0.0
GO:1902554	0.0
GO:1902749	0.0
GO:1902751	0.0
GO:1902911	0.0
GO:1903313	0.0
GO:1903504	0.0
GO:1903578	0.0
GO:1903580	0.0
GO:1903862	0.0
GO:1904029	0.0
GO:1904031	0.0
GO:1905446	0.0
GO:1905448	0.0
GO:1905818	0.0
GO:2000775	0.0
GO:0000746	0.0
GO:0000747	0.0
GO:0000749	0.0
GO:0000750	0.0
GO:0001302	0.0
GO:0001678	0.0
GO:0005085	0.0
GO:0005088	0.0
GO:0005783	0.0
GO:0005789	0.0
GO:0005937	0.0
GO:0007089	0.0
GO:0007264	0.0
GO:0007265	0.0
GO:0007568	0.0
GO:0007569	0.0
GO:0008360	0.0
GO:0015629	0.0
GO:0017016	0.0
GO:0019236	0.0
GO:0019725	0.0
GO:0030447	0.0
GO:0031136	0.0
GO:0031137	0.0
GO:0031139	0.0
GO:0031267	0.0
GO:0032005	0.0
GO:0033500	0.0
GO:0036170	0.0
GO:0036180	0.0
GO:0042175	0.0
GO:0042593	0.0
GO:0043332	0.0
GO:0044182	0.0
GO:0044432	0.0
GO:0046999	0.0
GO:0051020	0.0
GO:0055082	0.0
GO:0071322	0.0
GO:0071326	0.0
GO:0071331	0.0
GO:0071333	0.0
GO:0071444	0.0
GO:0071963	0.0
GO:0098827	0.0
GO:1990819	0.0
GO:2000243	0.0
GO:0004142	0.0
GO:0004605	0.0
GO:0005740	0.0
GO:0005743	0.0
GO:0006220	0.0
GO:0006221	0.0
GO:0006644	0.0
GO:0006650	0.0
GO:0006655	0.0
GO:0006656	0.0
GO:0006657	0.0
GO:0006658	0.0
GO:0006661	0.0
GO:0006753	0.0
GO:0007286	0.0
GO:0007291	0.0
GO:0007349	0.0
GO:0007602	0.0
GO:0007603	0.0
GO:0008654	0.0
GO:0009117	0.0
GO:0009165	0.0
GO:0009581	0.0
GO:0009582	0.0
GO:0009583	0.0
GO:0009584	0.0
GO:0010511	0.0
GO:0010513	0.0
GO:0010866	0.0
GO:0010868	0.0
GO:0010883	0.0
GO:0016024	0.0
GO:0016056	0.0
GO:0016779	0.0
GO:0016780	0.0
GO:0017169	0.0
GO:0019637	0.0
GO:0019866	0.0
GO:0030133	0.0
GO:0031966	0.0
GO:0043052	0.0
GO:0044429	0.0
GO:0045017	0.0
GO:0045833	0.0
GO:0045834	0.0
GO:0046341	0.0
GO:0046470	0.0
GO:0046471	0.0
GO:0046474	0.0
GO:0046486	0.0
GO:0046488	0.0
GO:0046889	0.0
GO:0046890	0.0
GO:0048515	0.0
GO:0051055	0.0
GO:0051606	0.0
GO:0055086	0.0
GO:0070085	0.0
GO:0070319	0.0
GO:0070382	0.0
GO:0070567	0.0
GO:0071071	0.0
GO:0071073	0.0
GO:0072527	0.0
GO:0072528	0.0
GO:0090207	0.0
GO:0090209	0.0
GO:0090407	0.0
GO:0097164	0.0
GO:0099503	0.0
GO:1901293	0.0
GO:1901566	0.0
GO:1903725	0.0
GO:1903727	0.0
GO:1905952	0.0
GO:0000271	0.0
GO:0001655	0.0
GO:0001838	0.0
GO:0004100	0.0
GO:0005975	0.0
GO:0005976	0.0
GO:0006022	0.0
GO:0006023	0.0
GO:0006030	0.0
GO:0006031	0.0
GO:0006034	0.0
GO:0006035	0.0
GO:0006037	0.0
GO:0006038	0.0
GO:0006040	0.0
GO:0007424	0.0
GO:0007442	0.0
GO:0007443	0.0
GO:0007591	0.0
GO:0007593	0.0
GO:0008194	0.0
GO:0008362	0.0
GO:0008375	0.0
GO:0010383	0.0
GO:0016051	0.0
GO:0016331	0.0
GO:0016757	0.0
GO:0016758	0.0
GO:0017144	0.0
GO:0022404	0.0
GO:0030428	0.0
GO:0030703	0.0
GO:0033692	0.0
GO:0034637	0.0
GO:0035148	0.0
GO:0035150	0.0
GO:0035151	0.0
GO:0035152	0.0
GO:0035158	0.0
GO:0035159	0.0
GO:0035239	0.0
GO:0035296	0.0
GO:0040003	0.0
GO:0042303	0.0
GO:0042335	0.0
GO:0043473	0.0
GO:0044036	0.0
GO:0044038	0.0
GO:0044262	0.0
GO:0044264	0.0
GO:0046349	0.0
GO:0048066	0.0
GO:0048067	0.0
GO:0048085	0.0
GO:0048546	0.0
GO:0048580	0.0
GO:0048582	0.0
GO:0048619	0.0
GO:0060438	0.0
GO:0060439	0.0
GO:0060562	0.0
GO:0061062	0.0
GO:0061063	0.0
GO:0061326	0.0
GO:0061333	0.0
GO:0061525	0.0
GO:0070589	0.0
GO:0070592	0.0
GO:0072001	0.0
GO:0072002	0.0
GO:0072175	0.0
GO:1901071	0.0
GO:1901073	0.0
GO:1901135	0.0
GO:1901137	0.0
GO:1904375	0.0
GO:1904377	0.0
GO:1904776	0.0
GO:1904778	0.0
GO:0000959	0.0
GO:0000963	0.0
GO:0002097	0.0
GO:0002098	0.0
GO:0002143	0.0
GO:0004123	0.0
GO:0005759	0.0
GO:0006396	0.0
GO:0006399	0.0
GO:0006400	0.0
GO:0006873	0.0
GO:0006875	0.0
GO:0006879	0.0
GO:0008033	0.0
GO:0009451	0.0
GO:0016226	0.0
GO:0016782	0.0
GO:0016783	0.0
GO:0016829	0.0
GO:0016846	0.0
GO:0030003	0.0
GO:0031071	0.0
GO:0031163	0.0
GO:0034227	0.0
GO:0034470	0.0
GO:0034660	0.0
GO:0044445	0.0
GO:0044571	0.0
GO:0046916	0.0
GO:0070525	0.0
GO:0070900	0.0
GO:0070903	0.0
GO:0090646	0.0
GO:0140053	0.0
GO:1900864	0.0
GO:1990221	0.0
GO:0032878	0.0
GO:0044062	0.0
GO:0060281	0.0
GO:0060282	0.0
GO:0090036	0.0
GO:0090038	0.0
GO:1900193	0.0
GO:1900195	0.0
GO:1902532	0.0
GO:1903429	0.0
GO:1903431	0.0
GO:1905879	0.0
GO:1905881	0.0
GO:2000114	0.0
GO:2000292	0.0
GO:0001100	0.0
GO:0005933	0.0
GO:0007096	0.0
GO:0010639	0.0
GO:0031577	0.0
GO:0031578	0.0
GO:0033046	0.0
GO:0033048	0.0
GO:0044380	0.0
GO:0045839	0.0
GO:0045841	0.0
GO:0051784	0.0
GO:0051985	0.0
GO:0061492	0.0
GO:0061510	0.0
GO:0071174	0.0
GO:0071988	0.0
GO:0072698	0.0
GO:1902100	0.0
GO:1902440	0.0
GO:1905508	0.0
GO:1905819	0.0
GO:2000816	0.0
GO:2001251	0.0
GO:0000375	0.0
GO:0000377	0.0
GO:0000398	0.0
GO:0006397	0.0
GO:0008380	0.0
GO:0016071	0.0
GO:0044297	0.0
GO:0000313	0.0
GO:0000315	0.0
GO:0003735	0.0
GO:0005198	0.0
GO:0005761	0.0
GO:0005762	0.0
GO:0005840	0.0
GO:0006412	0.0
GO:0006414	0.0
GO:0006415	0.0
GO:0015934	0.0
GO:0032543	0.0
GO:0032984	0.0
GO:0043043	0.0
GO:0043604	0.0
GO:0043624	0.0
GO:0044391	0.0
GO:0070125	0.0
GO:0070126	0.0
GO:0098798	0.0
GO:0006457	0.0
GO:0030288	0.0
GO:0030313	0.0
GO:0042026	0.0
GO:0042597	0.0
GO:0004620	0.0
GO:0004623	0.0
GO:0004771	0.0
GO:0004806	0.0
GO:0005811	0.0
GO:0006638	0.0
GO:0006639	0.0
GO:0006641	0.0
GO:0006642	0.0
GO:0007114	0.0
GO:0016042	0.0
GO:0016298	0.0
GO:0019433	0.0
GO:0019954	0.0
GO:0042171	0.0
GO:0044242	0.0
GO:0046461	0.0
GO:0046464	0.0
GO:0046503	0.0
GO:0047499	0.0
GO:0052689	0.0
GO:0071617	0.0
GO:0000150	0.0
GO:0000217	0.0
GO:0000400	0.0
GO:0000707	0.0
GO:0000724	0.0
GO:0000725	0.0
GO:0000730	0.0
GO:0003697	0.0
GO:0005657	0.0
GO:0006302	0.0
GO:0006310	0.0
GO:0006312	0.0
GO:0007098	0.0
GO:0007131	0.0
GO:0008094	0.0
GO:0010165	0.0
GO:0010212	0.0
GO:0010332	0.0
GO:0016462	0.0
GO:0016817	0.0
GO:0016818	0.0
GO:0016887	0.0
GO:0017111	0.0
GO:0031023	0.0
GO:0033061	0.0
GO:0033063	0.0
GO:0035264	0.0
GO:0035825	0.0
GO:0042148	0.0
GO:0042623	0.0
GO:0043523	0.0
GO:0043524	0.0
GO:0045003	0.0
GO:0090735	0.0
GO:0140097	0.0
GO:1901214	0.0
GO:1901215	0.0
GO:2000269	0.0
GO:0003954	0.0
GO:0005746	0.0
GO:0005747	0.0
GO:0006091	0.0
GO:0006119	0.0
GO:0006120	0.0
GO:0006163	0.0
GO:0007005	0.0
GO:0008137	0.0
GO:0009123	0.0
GO:0009126	0.0
GO:0009141	0.0
GO:0009144	0.0
GO:0009150	0.0
GO:0009161	0.0
GO:0009167	0.0
GO:0009199	0.0
GO:0009205	0.0
GO:0009259	0.0
GO:0010257	0.0
GO:0015980	0.0
GO:0016651	0.0
GO:0016655	0.0
GO:0019693	0.0
GO:0022900	0.0
GO:0022904	0.0
GO:0030964	0.0
GO:0032981	0.0
GO:0033108	0.0
GO:0042773	0.0
GO:0042775	0.0
GO:0044455	0.0
GO:0045271	0.0
GO:0045333	0.0
GO:0046034	0.0
GO:0050136	0.0
GO:0070469	0.0
GO:0072521	0.0
GO:0098800	0.0
GO:0098803	0.0
GO:1990204	0.0
GO:0002225	0.0
GO:0002683	0.0
GO:0002697	0.0
GO:0002699	0.0
GO:0002700	0.0
GO:0002702	0.0
GO:0002759	0.0
GO:0002760	0.0
GO:0002784	0.0
GO:0002831	0.0
GO:0002833	0.0
GO:0002920	0.0
GO:0002922	0.0
GO:0005338	0.0
GO:0005459	0.0
GO:0005795	0.0
GO:0005797	0.0
GO:0006811	0.0
GO:0006820	0.0
GO:0008592	0.0
GO:0015165	0.0
GO:0015711	0.0
GO:0015780	0.0
GO:0015931	0.0
GO:0015932	0.0
GO:0022857	0.0
GO:0031348	0.0
GO:0031985	0.0
GO:0032101	0.0
GO:0032103	0.0
GO:0034220	0.0
GO:0045751	0.0
GO:0045824	0.0
GO:0050777	0.0
GO:0055085	0.0
GO:0060049	0.0
GO:0060050	0.0
GO:0072334	0.0
GO:0090481	0.0
GO:0098656	0.0
GO:1901264	0.0
GO:1901505	0.0
GO:0002237	0.0
GO:0004127	0.0
GO:0004550	0.0
GO:0004798	0.0
GO:0006165	0.0
GO:0006227	0.0
GO:0006233	0.0
GO:0006235	0.0
GO:0009041	0.0
GO:0009132	0.0
GO:0009133	0.0
GO:0009138	0.0
GO:0009139	0.0
GO:0009142	0.0
GO:0009147	0.0
GO:0009148	0.0
GO:0009186	0.0
GO:0009189	0.0
GO:0009196	0.0
GO:0009197	0.0
GO:0009200	0.0
GO:0009202	0.0
GO:0009211	0.0
GO:0009212	0.0
GO:0009219	0.0
GO:0009221	0.0
GO:0009262	0.0
GO:0009263	0.0
GO:0009265	0.0
GO:0009394	0.0
GO:0009617	0.0
GO:0016776	0.0
GO:0019205	0.0
GO:0019692	0.0
GO:0032496	0.0
GO:0033862	0.0
GO:0046072	0.0
GO:0046075	0.0
GO:0046077	0.0
GO:0046385	0.0
GO:0046939	0.0
GO:0046940	0.0
GO:0050145	0.0
GO:0071216	0.0
GO:0071219	0.0
GO:0071222	0.0
GO:0000394	0.0
GO:0002119	0.0
GO:0002164	0.0
GO:0004518	0.0
GO:0004519	0.0
GO:0004521	0.0
GO:0004540	0.0
GO:0004549	0.0
GO:0006388	0.0
GO:0009295	0.0
GO:0009791	0.0
GO:0016891	0.0
GO:0016893	0.0
GO:0031123	0.0
GO:0031426	0.0
GO:0034414	0.0
GO:0036093	0.0
GO:0040026	0.0
GO:0040028	0.0
GO:0042645	0.0
GO:0042779	0.0
GO:0042780	0.0
GO:0042781	0.0
GO:0043628	0.0
GO:0072684	0.0
GO:0090305	0.0
GO:0090501	0.0
GO:0090502	0.0
GO:0090615	0.0
GO:0140040	0.0
GO:0140098	0.0
GO:0140101	0.0
GO:1902375	0.0
GO:1905267	0.0
GO:0000781	0.0
GO:0000803	0.0
GO:0000805	0.0
GO:0000806	0.0
GO:0002088	0.0
GO:0006812	0.0
GO:0006813	0.0
GO:0007099	0.0
GO:0014074	0.0
GO:0015030	0.0
GO:0015672	0.0
GO:0030001	0.0
GO:0030332	0.0
GO:0031100	0.0
GO:0032298	0.0
GO:0032355	0.0
GO:0032868	0.0
GO:0032869	0.0
GO:0032870	0.0
GO:0043010	0.0
GO:0043434	0.0
GO:0045023	0.0
GO:0045471	0.0
GO:0045740	0.0
GO:0046425	0.0
GO:0046427	0.0
GO:0046683	0.0
GO:0046686	0.0
GO:0051054	0.0
GO:0051298	0.0
GO:0051445	0.0
GO:0051591	0.0
GO:0051602	0.0
GO:0060968	0.0
GO:0071375	0.0
GO:0071417	0.0
GO:0071495	0.0
GO:0097123	0.0
GO:0097124	0.0
GO:0097134	0.0
GO:0097135	0.0
GO:0097305	0.0
GO:0098534	0.0
GO:1901652	0.0
GO:1901653	0.0
GO:1901699	0.0
GO:1904892	0.0
GO:1904894	0.0
GO:2000105	0.0
GO:0000165	0.0
GO:0005087	0.0
GO:0005875	0.0
GO:0006109	0.0
GO:0006111	0.0
GO:0006808	0.0
GO:0007020	0.0
GO:0007155	0.0
GO:0007259	0.0
GO:0007299	0.0
GO:0007304	0.0
GO:0007306	0.0
GO:0007631	0.0
GO:0008536	0.0
GO:0010675	0.0
GO:0010677	0.0
GO:0010906	0.0
GO:0022610	0.0
GO:0023014	0.0
GO:0030536	0.0
GO:0030537	0.0
GO:0031109	0.0
GO:0034657	0.0
GO:0043255	0.0
GO:0043409	0.0
GO:0045721	0.0
GO:0045912	0.0
GO:0046785	0.0
GO:0046843	0.0
GO:0048487	0.0
GO:0060041	0.0
GO:0060249	0.0
GO:0060250	0.0
GO:0062014	0.0
GO:0070372	0.0
GO:0070373	0.0
GO:0090136	0.0
GO:0098609	0.0
GO:0000409	0.0
GO:0000411	0.0
GO:0000753	0.0
GO:0000767	0.0
GO:0000935	0.0
GO:0001882	0.0
GO:0001883	0.0
GO:0001884	0.0
GO:0002134	0.0
GO:0002135	0.0
GO:0003924	0.0
GO:0005525	0.0
GO:0007266	0.0
GO:0007584	0.0
GO:0009847	0.0
GO:0010514	0.0
GO:0010570	0.0
GO:0019001	0.0
GO:0019003	0.0
GO:0019103	0.0
GO:0030436	0.0
GO:0031279	0.0
GO:0031281	0.0
GO:0031670	0.0
GO:0032258	0.0
GO:0032488	0.0
GO:0032549	0.0
GO:0032550	0.0
GO:0032551	0.0
GO:0032557	0.0
GO:0032561	0.0
GO:0034305	0.0
GO:0034306	0.0
GO:0034307	0.0
GO:0035639	0.0
GO:0042173	0.0
GO:0043937	0.0
GO:0043940	0.0
GO:0045761	0.0
GO:0045762	0.0
GO:0045990	0.0
GO:0045991	0.0
GO:0048315	0.0
GO:0051339	0.0
GO:0051349	0.0
GO:0061794	0.0
GO:0070784	0.0
GO:0070786	0.0
GO:0071507	0.0
GO:0071521	0.0
GO:0075306	0.0
GO:0090033	0.0
GO:0090726	0.0
GO:0097271	0.0
GO:1900428	0.0
GO:1900430	0.0
GO:1903664	0.0
GO:1905708	0.0
GO:2000220	0.0
GO:2000222	0.0
GO:0000147	0.0
GO:0001891	0.0
GO:0005543	0.0
GO:0005546	0.0
GO:0005776	0.0
GO:0005905	0.0
GO:0005934	0.0
GO:0005935	0.0
GO:0006898	0.0
GO:0007565	0.0
GO:0008289	0.0
GO:0009898	0.0
GO:0009996	0.0
GO:0009997	0.0
GO:0010453	0.0
GO:0010454	0.0
GO:0012506	0.0
GO:0016525	0.0
GO:0019897	0.0
GO:0030117	0.0
GO:0030118	0.0
GO:0030120	0.0
GO:0030125	0.0
GO:0030128	0.0
GO:0030135	0.0
GO:0030136	0.0
GO:0030139	0.0
GO:0030276	0.0
GO:0030479	0.0
GO:0030659	0.0
GO:0030662	0.0
GO:0030665	0.0
GO:0030666	0.0
GO:0030669	0.0
GO:0030864	0.0
GO:0030865	0.0
GO:0030866	0.0
GO:0030947	0.0
GO:0030948	0.0
GO:0031143	0.0
GO:0031234	0.0
GO:0032009	0.0
GO:0032182	0.0
GO:0034399	0.0
GO:0035091	0.0
GO:0035615	0.0
GO:0038024	0.0
GO:0042058	0.0
GO:0042059	0.0
GO:0042659	0.0
GO:0042686	0.0
GO:0042734	0.0
GO:0043130	0.0
GO:0043195	0.0
GO:0043679	0.0
GO:0044306	0.0
GO:0044325	0.0
GO:0044396	0.0
GO:0044456	0.0
GO:0044706	0.0
GO:0045211	0.0
GO:0045334	0.0
GO:0045335	0.0
GO:0045596	0.0
GO:0045765	0.0
GO:0048471	0.0
GO:0048475	0.0
GO:0048568	0.0
GO:0051093	0.0
GO:0051890	0.0
GO:0051892	0.0
GO:0061645	0.0
GO:0090287	0.0
GO:0090288	0.0
GO:0097060	0.0
GO:0098552	0.0
GO:0098562	0.0
GO:0098748	0.0
GO:0098793	0.0
GO:0098794	0.0
GO:0098888	0.0
GO:0098890	0.0
GO:0099243	0.0
GO:1901184	0.0
GO:1901185	0.0
GO:1901342	0.0
GO:1901343	0.0
GO:1901981	0.0
GO:1902936	0.0
GO:1903670	0.0
GO:1903671	0.0
GO:1905207	0.0
GO:1905208	0.0
GO:1905443	0.0
GO:1905445	0.0
GO:1990175	0.0
GO:2000043	0.0
GO:2000044	0.0
GO:2000181	0.0
GO:2000736	0.0
GO:2000737	0.0
GO:0019233	0.0
GO:0004622	0.0
GO:0005576	0.0
GO:0005615	0.0
GO:0036149	0.0
GO:0036151	0.0
GO:0036152	0.0
GO:0044421	0.0
GO:0001525	0.0
GO:0001568	0.0
GO:0001944	0.0
GO:0002252	0.0
GO:0002263	0.0
GO:0002274	0.0
GO:0002275	0.0
GO:0002283	0.0
GO:0002366	0.0
GO:0002443	0.0
GO:0002444	0.0
GO:0002446	0.0
GO:0004553	0.0
GO:0004566	0.0
GO:0005775	0.0
GO:0006026	0.0
GO:0006027	0.0
GO:0006029	0.0
GO:0006516	0.0
GO:0006887	0.0
GO:0006955	0.0
GO:0007160	0.0
GO:0009100	0.0
GO:0010574	0.0
GO:0010575	0.0
GO:0016798	0.0
GO:0030141	0.0
GO:0030167	0.0
GO:0030193	0.0
GO:0030194	0.0
GO:0030198	0.0
GO:0030200	0.0
GO:0030201	0.0
GO:0030203	0.0
GO:0030305	0.0
GO:0031012	0.0
GO:0031589	0.0
GO:0031983	0.0
GO:0033688	0.0
GO:0033690	0.0
GO:0034774	0.0
GO:0035580	0.0
GO:0036230	0.0
GO:0042119	0.0
GO:0042581	0.0
GO:0042634	0.0
GO:0042635	0.0
GO:0043062	0.0
GO:0043202	0.0
GO:0043299	0.0
GO:0043312	0.0
GO:0043394	0.0
GO:0043395	0.0
GO:0045055	0.0
GO:0045121	0.0
GO:0045545	0.0
GO:0045682	0.0
GO:0045684	0.0
GO:0048514	0.0
GO:0050818	0.0
GO:0050820	0.0
GO:0050878	0.0
GO:0051797	0.0
GO:0051798	0.0
GO:0051896	0.0
GO:0051897	0.0
GO:0060055	0.0
GO:0060205	0.0
GO:0061041	0.0
GO:0061042	0.0
GO:0072358	0.0
GO:0090303	0.0
GO:0098589	0.0
GO:0098857	0.0
GO:1900046	0.0
GO:1900048	0.0
GO:1901136	0.0
GO:1901681	0.0
GO:1903034	0.0
GO:1903036	0.0
GO:0006605	0.0
GO:0009507	0.0
GO:0009526	0.0
GO:0009527	0.0
GO:0009536	0.0
GO:0009707	0.0
GO:0009941	0.0
GO:0019867	0.0
GO:0030941	0.0
GO:0031300	0.0
GO:0031301	0.0
GO:0031350	0.0
GO:0031351	0.0
GO:0031354	0.0
GO:0031355	0.0
GO:0031358	0.0
GO:0031359	0.0
GO:0031968	0.0
GO:0031969	0.0
GO:0042170	0.0
GO:0044434	0.0
GO:0044435	0.0
GO:0045036	0.0
GO:0051861	0.0
GO:0072596	0.0
GO:0072598	0.0
GO:0000234	0.0
GO:0005741	0.0
GO:0006497	0.0
GO:0006505	0.0
GO:0006506	0.0
GO:0006643	0.0
GO:0006664	0.0
GO:0006665	0.0
GO:0006666	0.0
GO:0008168	0.0
GO:0008170	0.0
GO:0008757	0.0
GO:0009247	0.0
GO:0016614	0.0
GO:0016616	0.0
GO:0016741	0.0
GO:0030148	0.0
GO:0042157	0.0
GO:0042158	0.0
GO:0042180	0.0
GO:0046467	0.0
GO:0046519	0.0
GO:0047560	0.0
GO:1903509	0.0
GO:0000502	0.0
GO:0007094	0.0
GO:0043248	0.0
GO:0071173	0.0
GO:1905368	0.0
GO:1905369	0.0
GO:0003013	0.0
GO:0003015	0.0
GO:0007029	0.0
GO:0007032	0.0
GO:0008015	0.0
GO:0008582	0.0
GO:0016049	0.0
GO:0016050	0.0
GO:0017048	0.0
GO:0035330	0.0
GO:0035331	0.0
GO:0045886	0.0
GO:0045926	0.0
GO:0048588	0.0
GO:0048640	0.0
GO:0048675	0.0
GO:0050803	0.0
GO:0050807	0.0
GO:0051961	0.0
GO:0051963	0.0
GO:0051964	0.0
GO:0060047	0.0
GO:0060560	0.0
GO:0090443	0.0
GO:1904396	0.0
GO:1904397	0.0
GO:1905809	0.0
GO:1990138	0.0
GO:2001135	0.0
GO:2001137	0.0
GO:0000045	0.0
GO:0000139	0.0
GO:0000407	0.0
GO:0001816	0.0
GO:0002790	0.0
GO:0005793	0.0
GO:0006888	0.0
GO:0006890	0.0
GO:0006900	0.0
GO:0006901	0.0
GO:0006903	0.0
GO:0006952	0.0
GO:0007033	0.0
GO:0007112	0.0
GO:0007140	0.0
GO:0008088	0.0
GO:0008089	0.0
GO:0009306	0.0
GO:0009914	0.0
GO:0010817	0.0
GO:0010970	0.0
GO:0016032	0.0
GO:0019058	0.0
GO:0019068	0.0
GO:0030072	0.0
GO:0030252	0.0
GO:0030334	0.0
GO:0030658	0.0
GO:0030705	0.0
GO:0032024	0.0
GO:0032400	0.0
GO:0032401	0.0
GO:0032402	0.0
GO:0032482	0.0
GO:0032637	0.0
GO:0033059	0.0
GO:0033116	0.0
GO:0033206	0.0
GO:0034045	0.0
GO:0034067	0.0
GO:0034446	0.0
GO:0035459	0.0
GO:0036477	0.0
GO:0040012	0.0
GO:0042470	0.0
GO:0042742	0.0
GO:0043025	0.0
GO:0043687	0.0
GO:0046879	0.0
GO:0046883	0.0
GO:0046887	0.0
GO:0047496	0.0
GO:0048194	0.0
GO:0048199	0.0
GO:0048207	0.0
GO:0048208	0.0
GO:0048770	0.0
GO:0048814	0.0
GO:0050663	0.0
GO:0050773	0.0
GO:0050775	0.0
GO:0050796	0.0
GO:0051270	0.0
GO:0051438	0.0
GO:0051443	0.0
GO:0051648	0.0
GO:0051650	0.0
GO:0051875	0.0
GO:0051904	0.0
GO:0051905	0.0
GO:0072384	0.0
GO:0072606	0.0
GO:0072741	0.0
GO:0090110	0.0
GO:0090114	0.0
GO:0090276	0.0
GO:0090277	0.0
GO:0098542	0.0
GO:0098930	0.0
GO:0099111	0.0
GO:0099518	0.0
GO:1900006	0.0
GO:1904666	0.0
GO:1904668	0.0
GO:1905037	0.0
GO:1905345	0.0
GO:2000145	0.0
GO:0008023	0.0
GO:1901407	0.0
GO:1901409	0.0
GO:0003842	0.0
GO:0006520	0.0
GO:0006536	0.0
GO:0006560	0.0
GO:0006562	0.0
GO:0006970	0.0
GO:0009063	0.0
GO:0009064	0.0
GO:0009065	0.0
GO:0009651	0.0
GO:0010133	0.0
GO:0016054	0.0
GO:0016645	0.0
GO:0016646	0.0
GO:0043648	0.0
GO:0044282	0.0
GO:0046395	0.0
GO:0050897	0.0
GO:0072593	0.0
GO:1901605	0.0
GO:1901606	0.0
GO:0009405	0.0
GO:0005730	0.0
GO:0019221	0.0
GO:0071345	0.0
GO:0000182	0.0
GO:0000994	0.0
GO:0001016	0.0
GO:0001030	0.0
GO:0001031	0.0
GO:0001032	0.0
GO:0006359	0.0
GO:0016480	0.0
GO:0030425	0.0
GO:0043175	0.0
GO:0050811	0.0
GO:0060077	0.0
GO:0070063	0.0
GO:0080084	0.0
GO:0097447	0.0
GO:0002052	0.0
GO:0005070	0.0
GO:0007528	0.0
GO:0008021	0.0
GO:0035591	0.0
GO:0036062	0.0
GO:0045746	0.0
GO:0045807	0.0
GO:0051124	0.0
GO:0072091	0.0
GO:0098693	0.0
GO:1900242	0.0
GO:1900244	0.0
GO:1902692	0.0
GO:1903421	0.0
GO:1903423	0.0
GO:1903859	0.0
GO:1903861	0.0
GO:2000177	0.0
GO:2000179	0.0
GO:2000648	0.0
GO:0001786	0.0
GO:0005539	0.0
GO:0005544	0.0
GO:0005545	0.0
GO:0007444	0.0
GO:0007447	0.0
GO:0007450	0.0
GO:0008201	0.0
GO:0008429	0.0
GO:0009953	0.0
GO:0010796	0.0
GO:0010797	0.0
GO:0030011	0.0
GO:0030507	0.0
GO:0035220	0.0
GO:0035222	0.0
GO:0048190	0.0
GO:0051036	0.0
GO:0072341	0.0
GO:0000428	0.0
GO:0001635	0.0
GO:0001669	0.0
GO:0003899	0.0
GO:0005666	0.0
GO:0006383	0.0
GO:0006384	0.0
GO:0007218	0.0
GO:0009360	0.0
GO:0030880	0.0
GO:0034062	0.0
GO:0042575	0.0
GO:0055029	0.0
GO:0097223	0.0
GO:0097642	0.0
GO:0097747	0.0
GO:0000726	0.0
GO:0002200	0.0
GO:0002377	0.0
GO:0002440	0.0
GO:0002566	0.0
GO:0003887	0.0
GO:0006260	0.0
GO:0006284	0.0
GO:0006287	0.0
GO:0006303	0.0
GO:0016445	0.0
GO:0016446	0.0
GO:0016835	0.0
GO:0034061	0.0
GO:0051575	0.0
GO:0005643	0.0
GO:0006999	0.0
GO:0017056	0.0
GO:0032541	0.0
GO:0046931	0.0
GO:0051292	0.0
GO:0061842	0.0
GO:0070631	0.0
GO:0071782	0.0
GO:0071786	0.0
GO:0071789	0.0
GO:0090158	0.0
GO:1990753	0.0
GO:1990809	0.0
GO:0000301	0.0
GO:0003774	0.0
GO:0003777	0.0
GO:0005871	0.0
GO:0006891	0.0
GO:0008574	0.0
GO:0099609	0.0
GO:1990939	0.0
GO:0006213	0.0
GO:0008655	0.0
GO:0009116	0.0
GO:0009163	0.0
GO:0034404	0.0
GO:0043094	0.0
GO:0043097	0.0
GO:0043174	0.0
GO:0046134	0.0
GO:1901657	0.0
GO:1901659	0.0
GO:0000184	0.0
GO:0000956	0.0
GO:0002181	0.0
GO:0006401	0.0
GO:0006402	0.0
GO:0006413	0.0
GO:0006612	0.0
GO:0006613	0.0
GO:0006614	0.0
GO:0022625	0.0
GO:0022626	0.0
GO:0034655	0.0
GO:0045047	0.0
GO:0070972	0.0
GO:0072599	0.0
GO:0090150	0.0
GO:1990089	0.0
GO:1990090	0.0
GO:0000164	0.0
GO:0002792	0.0
GO:0004857	0.0
GO:0004864	0.0
GO:0004865	0.0
GO:0008157	0.0
GO:0008287	0.0
GO:0010921	0.0
GO:0010923	0.0
GO:0019208	0.0
GO:0019212	0.0
GO:0019888	0.0
GO:0019902	0.0
GO:0019903	0.0
GO:0032515	0.0
GO:0035303	0.0
GO:0035304	0.0
GO:0035305	0.0
GO:0035308	0.0
GO:0043666	0.0
GO:0050707	0.0
GO:0050709	0.0
GO:0050710	0.0
GO:0050830	0.0
GO:0051048	0.0
GO:0051051	0.0
GO:0051224	0.0
GO:1903293	0.0
GO:1903531	0.0
GO:1904950	0.0
GO:0001667	0.0
GO:0002165	0.0
GO:0005089	0.0
GO:0005911	0.0
GO:0007478	0.0
GO:0007480	0.0
GO:0007552	0.0
GO:0007560	0.0
GO:0009886	0.0
GO:0010171	0.0
GO:0010172	0.0
GO:0010631	0.0
GO:0010721	0.0
GO:0010977	0.0
GO:0030027	0.0
GO:0030054	0.0
GO:0031252	0.0
GO:0031345	0.0
GO:0035023	0.0
GO:0035025	0.0
GO:0035114	0.0
GO:0035120	0.0
GO:0035218	0.0
GO:0035767	0.0
GO:0043542	0.0
GO:0045665	0.0
GO:0046579	0.0
GO:0048563	0.0
GO:0048569	0.0
GO:0048707	0.0
GO:0048737	0.0
GO:0050768	0.0
GO:0051057	0.0
GO:0060326	0.0
GO:0090130	0.0
GO:0090132	0.0
GO:0031624	0.0
GO:0044390	0.0
GO:0045116	0.0
GO:0097602	0.0
GO:1903321	0.0
GO:2000434	0.0
GO:2000435	0.0
GO:0005096	0.0
GO:0007297	0.0
GO:0007298	0.0
GO:0017112	0.0
GO:0017137	0.0
GO:0030695	0.0
GO:0050746	0.0
GO:0050747	0.0
GO:0050804	0.0
GO:0060025	0.0
GO:0097051	0.0
GO:0099177	0.0
GO:1903059	0.0
GO:1903061	0.0
GO:1903371	0.0
GO:1903373	0.0
GO:0004843	0.0
GO:0008233	0.0
GO:0008234	0.0
GO:0019783	0.0
GO:0036459	0.0
GO:0070011	0.0
GO:0101005	0.0
GO:0000146	0.0
GO:0001750	0.0
GO:0001894	0.0
GO:0001895	0.0
GO:0001917	0.0
GO:0002093	0.0
GO:0005516	0.0
GO:0005884	0.0
GO:0005929	0.0
GO:0006403	0.0
GO:0007604	0.0
GO:0007605	0.0
GO:0008544	0.0
GO:0009589	0.0
GO:0009642	0.0
GO:0009913	0.0
GO:0016027	0.0
GO:0016028	0.0
GO:0016059	0.0
GO:0016062	0.0
GO:0016459	0.0
GO:0016461	0.0
GO:0018107	0.0
GO:0018210	0.0
GO:0022400	0.0
GO:0030175	0.0
GO:0030832	0.0
GO:0030898	0.0
GO:0031253	0.0
GO:0031941	0.0
GO:0032420	0.0
GO:0032421	0.0
GO:0032426	0.0
GO:0032433	0.0
GO:0033227	0.0
GO:0033583	0.0
GO:0035315	0.0
GO:0036367	0.0
GO:0042385	0.0
GO:0042471	0.0
GO:0042472	0.0
GO:0042490	0.0
GO:0042491	0.0
GO:0043531	0.0
GO:0043583	0.0
GO:0044441	0.0
GO:0045494	0.0
GO:0046777	0.0
GO:0048562	0.0
GO:0048839	0.0
GO:0048871	0.0
GO:0050657	0.0
GO:0050658	0.0
GO:0050954	0.0
GO:0051236	0.0
GO:0051489	0.0
GO:0051491	0.0
GO:0060002	0.0
GO:0060088	0.0
GO:0060113	0.0
GO:0060117	0.0
GO:0060119	0.0
GO:0060122	0.0
GO:0060491	0.0
GO:0060563	0.0
GO:0090102	0.0
GO:0090103	0.0
GO:0097730	0.0
GO:0097731	0.0
GO:0097733	0.0
GO:0098797	0.0
GO:0098858	0.0
GO:0098862	0.0
GO:0120032	0.0
GO:0120034	0.0
GO:1990146	0.0
GO:0004177	0.0
GO:0008238	0.0
GO:0008239	0.0
GO:0009301	0.0
GO:0016073	0.0
GO:0016180	0.0
GO:0016591	0.0
GO:0032039	0.0
GO:0034472	0.0
GO:0042795	0.0
GO:0098781	0.0
GO:0005814	0.0
GO:0022406	0.0
GO:0030031	0.0
GO:0036064	0.0
GO:0044450	0.0
GO:0044782	0.0
GO:0060271	0.0
GO:0097711	0.0
GO:0120031	0.0
GO:0140056	0.0
GO:0003674	2.17e-316
GO:0003824	2.17e-316
GO:0004672	2.17e-316
GO:0004674	2.17e-316
GO:0004679	2.17e-316
GO:0005575	2.17e-316
GO:0005622	2.17e-316
GO:0005623	2.17e-316
GO:0005634	2.17e-316
GO:0005737	2.17e-316
GO:0006325	2.17e-316
GO:0006464	2.17e-316
GO:0006468	2.17e-316
GO:0006793	2.17e-316
GO:0006796	2.17e-316
GO:0006807	2.17e-316
GO:0006950	2.17e-316
GO:0006996	2.17e-316
GO:0007154	2.17e-316
GO:0007165	2.17e-316
GO:0008150	2.17e-316
GO:0008152	2.17e-316
GO:0009267	2.17e-316
GO:0009605	2.17e-316
GO:0009966	2.17e-316
GO:0009968	2.17e-316
GO:0009987	2.17e-316
GO:0009991	2.17e-316
GO:0010646	2.17e-316
GO:0010648	2.17e-316
GO:0016043	2.17e-316
GO:0016301	2.17e-316
GO:0016310	2.17e-316
GO:0016569	2.17e-316
GO:0016570	2.17e-316
GO:0016572	2.17e-316
GO:0016740	2.17e-316
GO:0016772	2.17e-316
GO:0016773	2.17e-316
GO:0018105	2.17e-316
GO:0018193	2.17e-316
GO:0018209	2.17e-316
GO:0019538	2.17e-316
GO:0023051	2.17e-316
GO:0023052	2.17e-316
GO:0023057	2.17e-316
GO:0031588	2.17e-316
GO:0031667	2.17e-316
GO:0031668	2.17e-316
GO:0031669	2.17e-316
GO:0032006	2.17e-316
GO:0032007	2.17e-316
GO:0032991	2.17e-316
GO:0033554	2.17e-316
GO:0035173	2.17e-316
GO:0035174	2.17e-316
GO:0035404	2.17e-316
GO:0035556	2.17e-316
GO:0036211	2.17e-316
GO:0042149	2.17e-316
GO:0042594	2.17e-316
GO:0043170	2.17e-316
GO:0043226	2.17e-316
GO:0043227	2.17e-316
GO:0043229	2.17e-316
GO:0043231	2.17e-316
GO:0043412	2.17e-316
GO:0044237	2.17e-316
GO:0044238	2.17e-316
GO:0044260	2.17e-316
GO:0044267	2.17e-316
GO:0044424	2.17e-316
GO:0044464	2.17e-316
GO:0048519	2.17e-316
GO:0048523	2.17e-316
GO:0048583	2.17e-316
GO:0048585	2.17e-316
GO:0050789	2.17e-316
GO:0050794	2.17e-316
GO:0050896	2.17e-316
GO:0051276	2.17e-316
GO:0051716	2.17e-316
GO:0061695	2.17e-316
GO:0065007	2.17e-316
GO:0071496	2.17e-316
GO:0071704	2.17e-316
GO:0071840	2.17e-316
GO:0140096	2.17e-316
GO:1901564	2.17e-316
GO:1902494	2.17e-316
GO:1902531	2.17e-316
GO:1902532	2.17e-316
GO:1902911	2.17e-316
GO:1990234	2.17e-316
GO:0000003	2.87e-316
GO:0000731	2.87e-316
GO:0003674	2.87e-316
GO:0003824	2.87e-316
GO:0003887	2.87e-316
GO:0005575	2.87e-316
GO:0005622	2.87e-316
GO:0005623	2.87e-316
GO:0005634	2.87e-316
GO:0005654	2.87e-316
GO:0006139	2.87e-316
GO:0006259	2.87e-316
GO:0006281	2.87e-316
GO:0006283	2.87e-316
GO:0006289	2.87e-316
GO:0006296	2.87e-316
GO:0006297	2.87e-316
GO:0006301	2.87e-316
GO:0006725	2.87e-316
GO:0006807	2.87e-316
GO:0006950	2.87e-316
GO:0006974	2.87e-316
GO:0007275	2.87e-316
GO:0008150	2.87e-316
GO:0008152	2.87e-316
GO:0009058	2.87e-316
GO:0009059	2.87e-316
GO:0009314	2.87e-316
GO:0009411	2.87e-316
GO:0009416	2.87e-316
GO:0009628	2.87e-316
GO:0009790	2.87e-316
GO:0009792	2.87e-316
GO:0009987	2.87e-316
GO:0016604	2.87e-316
GO:0016740	2.87e-316
GO:0016772	2.87e-316
GO:0016779	2.87e-316
GO:0018130	2.87e-316
GO:0019438	2.87e-316
GO:0019985	2.87e-316
GO:0031974	2.87e-316
GO:0031981	2.87e-316
GO:0032501	2.87e-316
GO:0032502	2.87e-316
GO:0033554	2.87e-316
GO:0033683	2.87e-316
GO:0034061	2.87e-316
GO:0034641	2.87e-316
GO:0034644	2.87e-316
GO:0034645	2.87e-316
GO:0034654	2.87e-316
GO:0042276	2.87e-316
GO:0043170	2.87e-316
GO:0043226	2.87e-316
GO:0043227	2.87e-316
GO:0043229	2.87e-316
GO:0043231	2.87e-316
GO:0043233	2.87e-316
GO:0044237	2.87e-316
GO:0044238	2.87e-316
GO:0044249	2.87e-316
GO:0044260	2.87e-316
GO:0044271	2.87e-316
GO:0044422	2.87e-316
GO:0044424	2.87e-316
GO:0044428	2.87e-316
GO:0044446	2.87e-316
GO:0044451	2.87e-316
GO:0044464	2.87e-316
GO:0046483	2.87e-316
GO:0048856	2.87e-316
GO:0050896	2.87e-316
GO:0051716	2.87e-316
GO:0070013	2.87e-316
GO:0071214	2.87e-316
GO:0071478	2.87e-316
GO:0071482	2.87e-316
GO:0071704	2.87e-316
GO:0071897	2.87e-316
GO:0090304	2.87e-316
GO:0090305	2.87e-316
GO:0104004	2.87e-316
GO:0140097	2.87e-316
GO:1901360	2.87e-316
GO:1901362	2.87e-316
GO:1901576	2.87e-316
GO:0001669	4.53e-315
GO:0001765	4.53e-315
GO:0001931	4.53e-315
GO:0002020	4.53e-315
GO:0002080	4.53e-315
GO:0002252	4.53e-315
GO:0002376	4.53e-315
GO:0002682	4.53e-315
GO:0002684	4.53e-315
GO:0002694	4.53e-315
GO:0002696	4.53e-315
GO:0002791	4.53e-315
GO:0002793	4.53e-315
GO:0003674	4.53e-315
GO:0005102	4.53e-315
GO:0005198	4.53e-315
GO:0005488	4.53e-315
GO:0005515	4.53e-315
GO:0005575	4.53e-315
GO:0005622	4.53e-315
GO:0005623	4.53e-315
GO:0005737	4.53e-315
GO:0005768	4.53e-315
GO:0005886	4.53e-315
GO:0005901	4.53e-315
GO:0005911	4.53e-315
GO:0005912	4.53e-315
GO:0005913	4.53e-315
GO:0006582	4.53e-315
GO:0006725	4.53e-315
GO:0006950	4.53e-315
GO:0006952	4.53e-315
GO:0006955	4.53e-315
GO:0007155	4.53e-315
GO:0008104	4.53e-315
GO:0008150	4.53e-315
GO:0008152	4.53e-315
GO:0008544	4.53e-315
GO:0009888	4.53e-315
GO:0009892	4.53e-315
GO:0009966	4.53e-315
GO:0009967	4.53e-315
GO:0009987	4.53e-315
GO:0010468	4.53e-315
GO:0010470	4.53e-315
GO:0010605	4.53e-315
GO:0010629	4.53e-315
GO:0010646	4.53e-315
GO:0010647	4.53e-315
GO:0012505	4.53e-315
GO:0012506	4.53e-315
GO:0016020	4.53e-315
GO:0016043	4.53e-315
GO:0016323	4.53e-315
GO:0016600	4.53e-315
GO:0018958	4.53e-315
GO:0019222	4.53e-315
GO:0019748	4.53e-315
GO:0019899	4.53e-315
GO:0022407	4.53e-315
GO:0022409	4.53e-315
GO:0022603	4.53e-315
GO:0022607	4.53e-315
GO:0022610	4.53e-315
GO:0023051	4.53e-315
GO:0023056	4.53e-315
GO:0030027	4.53e-315
GO:0030054	4.53e-315
GO:0030111	4.53e-315
GO:0030139	4.53e-315
GO:0030141	4.53e-315
GO:0030155	4.53e-315
GO:0030177	4.53e-315
GO:0030659	4.53e-315
GO:0030667	4.53e-315
GO:0031090	4.53e-315
GO:0031252	4.53e-315
GO:0031254	4.53e-315
GO:0031410	4.53e-315
GO:0031579	4.53e-315
GO:0031647	4.53e-315
GO:0031982	4.53e-315
GO:0032502	4.53e-315
GO:0032878	4.53e-315
GO:0032879	4.53e-315
GO:0032880	4.53e-315
GO:0032991	4.53e-315
GO:0033036	4.53e-315
GO:0034613	4.53e-315
GO:0035006	4.53e-315
GO:0035010	4.53e-315
GO:0035011	4.53e-315
GO:0035254	4.53e-315
GO:0035255	4.53e-315
GO:0035592	4.53e-315
GO:0035593	4.53e-315
GO:0042440	4.53e-315
GO:0042995	4.53e-315
GO:0043226	4.53e-315
GO:0043227	4.53e-315
GO:0043229	4.53e-315
GO:0044085	4.53e-315
GO:0044091	4.53e-315
GO:0044237	4.53e-315
GO:0044291	4.53e-315
GO:0044422	4.53e-315
GO:0044424	4.53e-315
GO:0044425	4.53e-315
GO:0044433	4.53e-315
GO:0044444	4.53e-315
GO:0044446	4.53e-315
GO:0044459	4.53e-315
GO:0044464	4.53e-315
GO:0044853	4.53e-315
GO:0044860	4.53e-315
GO:0045087	4.53e-315
GO:0045121	4.53e-315
GO:0045184	4.53e-315
GO:0045595	4.53e-315
GO:0045661	4.53e-315
GO:0045785	4.53e-315
GO:0045995	4.53e-315
GO:0046982	4.53e-315
GO:0046983	4.53e-315
GO:0048471	4.53e-315
GO:0048518	4.53e-315
GO:0048519	4.53e-315
GO:0048522	4.53e-315
GO:0048583	4.53e-315
GO:0048584	4.53e-315
GO:0048856	4.53e-315
GO:0050708	4.53e-315
GO:0050714	4.53e-315
GO:0050789	4.53e-315
GO:0050793	4.53e-315
GO:0050794	4.53e-315
GO:0050821	4.53e-315
GO:0050863	4.53e-315
GO:0050865	4.53e-315
GO:0050867	4.53e-315
GO:0050870	4.53e-315
GO:0050896	4.53e-315
GO:0051046	4.53e-315
GO:0051047	4.53e-315
GO:0051049	4.53e-315
GO:0051050	4.53e-315
GO:0051171	4.53e-315
GO:0051172	4.53e-315
GO:0051179	4.53e-315
GO:0051222	4.53e-315
GO:0051223	4.53e-315
GO:0051234	4.53e-315
GO:0051239	4.53e-315
GO:0051246	4.53e-315
GO:0051248	4.53e-315
GO:0051249	4.53e-315
GO:0051251	4.53e-315
GO:0051641	4.53e-315
GO:0060255	4.53e-315
GO:0061024	4.53e-315
GO:0061356	4.53e-315
GO:0061357	4.53e-315
GO:0065007	4.53e-315
GO:0065008	4.53e-315
GO:0070161	4.53e-315
GO:0070201	4.53e-315
GO:0070727	4.53e-315
GO:0071692	4.53e-315
GO:0071704	4.53e-315
GO:0071709	4.53e-315
GO:0071840	4.53e-315
GO:0071944	4.53e-315
GO:0072657	4.53e-315
GO:0072659	4.53e-315
GO:0080090	4.53e-315
GO:0090087	4.53e-315
GO:0097223	4.53e-315
GO:0097708	4.53e-315
GO:0098588	4.53e-315
GO:0098589	4.53e-315
GO:0098590	4.53e-315
GO:0098796	4.53e-315
GO:0098797	4.53e-315
GO:0098805	4.53e-315
GO:0098857	4.53e-315
GO:0099503	4.53e-315
GO:0120025	4.53e-315
GO:1901360	4.53e-315
GO:1901615	4.53e-315
GO:1902991	4.53e-315
GO:1902992	4.53e-315
GO:1903037	4.53e-315
GO:1903039	4.53e-315
GO:1903044	4.53e-315
GO:1903530	4.53e-315
GO:1903532	4.53e-315
GO:1903903	4.53e-315
GO:1903905	4.53e-315
GO:1904086	4.53e-315
GO:1904951	4.53e-315
GO:1905330	4.53e-315
GO:1990778	4.53e-315
GO:2000026	4.53e-315
GO:2000047	4.53e-315
GO:2000114	4.53e-315
GO:0003674	1.98e-310
GO:0003824	1.98e-310
GO:0004032	1.98e-310
GO:0004033	1.98e-310
GO:0005575	1.98e-310
GO:0005622	1.98e-310
GO:0005623	1.98e-310
GO:0005737	1.98e-310
GO:0005829	1.98e-310
GO:0005886	1.98e-310
GO:0005975	1.98e-310
GO:0005996	1.98e-310
GO:0006006	1.98e-310
GO:0006063	1.98e-310
GO:0006064	1.98e-310
GO:0006081	1.98e-310
GO:0006082	1.98e-310
GO:0006091	1.98e-310
GO:0006732	1.98e-310
GO:0006766	1.98e-310
GO:0006767	1.98e-310
GO:0006790	1.98e-310
GO:0006793	1.98e-310
GO:0006796	1.98e-310
GO:0006807	1.98e-310
GO:0007275	1.98e-310
GO:0007399	1.98e-310
GO:0007417	1.98e-310
GO:0007420	1.98e-310
GO:0008106	1.98e-310
GO:0008150	1.98e-310
GO:0008152	1.98e-310
GO:0009055	1.98e-310
GO:0009056	1.98e-310
GO:0009058	1.98e-310
GO:0009108	1.98e-310
GO:0009110	1.98e-310
GO:0009987	1.98e-310
GO:0016020	1.98e-310
GO:0016051	1.98e-310
GO:0016052	1.98e-310
GO:0016053	1.98e-310
GO:0016054	1.98e-310
GO:0016319	1.98e-310
GO:0016324	1.98e-310
GO:0016491	1.98e-310
GO:0016614	1.98e-310
GO:0016616	1.98e-310
GO:0019318	1.98e-310
GO:0019585	1.98e-310
GO:0019637	1.98e-310
GO:0019640	1.98e-310
GO:0019752	1.98e-310
GO:0019852	1.98e-310
GO:0019853	1.98e-310
GO:0022900	1.98e-310
GO:0032501	1.98e-310
GO:0032502	1.98e-310
GO:0032787	1.98e-310
GO:0042364	1.98e-310
GO:0042839	1.98e-310
GO:0042840	1.98e-310
GO:0043436	1.98e-310
GO:0044237	1.98e-310
GO:0044238	1.98e-310
GO:0044248	1.98e-310
GO:0044249	1.98e-310
GO:0044272	1.98e-310
GO:0044281	1.98e-310
GO:0044282	1.98e-310
GO:0044283	1.98e-310
GO:0044424	1.98e-310
GO:0044425	1.98e-310
GO:0044444	1.98e-310
GO:0044459	1.98e-310
GO:0044464	1.98e-310
GO:0045177	1.98e-310
GO:0046185	1.98e-310
GO:0046364	1.98e-310
GO:0046365	1.98e-310
GO:0046394	1.98e-310
GO:0046395	1.98e-310
GO:0047939	1.98e-310
GO:0048513	1.98e-310
GO:0048731	1.98e-310
GO:0048856	1.98e-310
GO:0051167	1.98e-310
GO:0051186	1.98e-310
GO:0051188	1.98e-310
GO:0055114	1.98e-310
GO:0060322	1.98e-310
GO:0071704	1.98e-310
GO:0071944	1.98e-310
GO:0072329	1.98e-310
GO:0090407	1.98e-310
GO:0098590	1.98e-310
GO:1901135	1.98e-310
GO:1901137	1.98e-310
GO:1901159	1.98e-310
GO:1901564	1.98e-310
GO:1901566	1.98e-310
GO:1901575	1.98e-310
GO:1901576	1.98e-310
GO:1901685	1.98e-310
GO:1901687	1.98e-310
GO:0003674	2.7e-307
GO:0003824	2.7e-307
GO:0004842	2.7e-307
GO:0005048	2.7e-307
GO:0005488	2.7e-307
GO:0005515	2.7e-307
GO:0006464	2.7e-307
GO:0006807	2.7e-307
GO:0008139	2.7e-307
GO:0008150	2.7e-307
GO:0008152	2.7e-307
GO:0008270	2.7e-307
GO:0009636	2.7e-307
GO:0009987	2.7e-307
GO:0010033	2.7e-307
GO:0016567	2.7e-307
GO:0016740	2.7e-307
GO:0019538	2.7e-307
GO:0019787	2.7e-307
GO:0023051	2.7e-307
GO:0032182	2.7e-307
GO:0032446	2.7e-307
GO:0033218	2.7e-307
GO:0036211	2.7e-307
GO:0042221	2.7e-307
GO:0042277	2.7e-307
GO:0042493	2.7e-307
GO:0043130	2.7e-307
GO:0043167	2.7e-307
GO:0043169	2.7e-307
GO:0043170	2.7e-307
GO:0043412	2.7e-307
GO:0044237	2.7e-307
GO:0044238	2.7e-307
GO:0044260	2.7e-307
GO:0044267	2.7e-307
GO:0045471	2.7e-307
GO:0046677	2.7e-307
GO:0046872	2.7e-307
GO:0046914	2.7e-307
GO:0050789	2.7e-307
GO:0050896	2.7e-307
GO:0061630	2.7e-307
GO:0061659	2.7e-307
GO:0065007	2.7e-307
GO:0070647	2.7e-307
GO:0071704	2.7e-307
GO:0097305	2.7e-307
GO:0140096	2.7e-307
GO:1901564	2.7e-307
GO:1901700	2.7e-307
GO:0000724	2.78e-306
GO:0000725	2.78e-306
GO:0000726	2.78e-306
GO:0002200	2.78e-306
GO:0002376	2.78e-306
GO:0002377	2.78e-306
GO:0002440	2.78e-306
GO:0002520	2.78e-306
GO:0002566	2.78e-306
GO:0003674	2.78e-306
GO:0003676	2.78e-306
GO:0003677	2.78e-306
GO:0003824	2.78e-306
GO:0003887	2.78e-306
GO:0005488	2.78e-306
GO:0005575	2.78e-306
GO:0005622	2.78e-306
GO:0005623	2.78e-306
GO:0005634	2.78e-306
GO:0005654	2.78e-306
GO:0006139	2.78e-306
GO:0006259	2.78e-306
GO:0006260	2.78e-306
GO:0006281	2.78e-306
GO:0006284	2.78e-306
GO:0006287	2.78e-306
GO:0006289	2.78e-306
GO:0006302	2.78e-306
GO:0006303	2.78e-306
GO:0006310	2.78e-306
GO:0006725	2.78e-306
GO:0006807	2.78e-306
GO:0006950	2.78e-306
GO:0006974	2.78e-306
GO:0007275	2.78e-306
GO:0008150	2.78e-306
GO:0008152	2.78e-306
GO:0009058	2.78e-306
GO:0009059	2.78e-306
GO:0009987	2.78e-306
GO:0016445	2.78e-306
GO:0016446	2.78e-306
GO:0016740	2.78e-306
GO:0016772	2.78e-306
GO:0016779	2.78e-306
GO:0016829	2.78e-306
GO:0016835	2.78e-306
GO:0018130	2.78e-306
GO:0019438	2.78e-306
GO:0031974	2.78e-306
GO:0031981	2.78e-306
GO:0032501	2.78e-306
GO:0032502	2.78e-306
GO:0033554	2.78e-306
GO:0034061	2.78e-306
GO:0034641	2.78e-306
GO:0034645	2.78e-306
GO:0034654	2.78e-306
GO:0043170	2.78e-306
GO:0043226	2.78e-306
GO:0043227	2.78e-306
GO:0043229	2.78e-306
GO:0043231	2.78e-306
GO:0043233	2.78e-306
GO:0044237	2.78e-306
GO:0044238	2.78e-306
GO:0044249	2.78e-306
GO:0044260	2.78e-306
GO:0044271	2.78e-306
GO:0044422	2.78e-306
GO:0044424	2.78e-306
GO:0044428	2.78e-306
GO:0044446	2.78e-306
GO:0044464	2.78e-306
GO:0046483	2.78e-306
GO:0048731	2.78e-306
GO:0048856	2.78e-306
GO:0050896	2.78e-306
GO:0051575	2.78e-306
GO:0051716	2.78e-306
GO:0070013	2.78e-306
GO:0071704	2.78e-306
GO:0071897	2.78e-306
GO:0090304	2.78e-306
GO:0097159	2.78e-306
GO:0140097	2.78e-306
GO:1901360	2.78e-306
GO:1901362	2.78e-306
GO:1901363	2.78e-306
GO:1901576	2.78e-306
GO:0000022	6.42e-306
GO:0000070	6.42e-306
GO:0000073	6.42e-306
GO:0000226	6.42e-306
GO:0000228	6.42e-306
GO:0000278	6.42e-306
GO:0000280	6.42e-306
GO:0000775	6.42e-306
GO:0000776	6.42e-306
GO:0000777	6.42e-306
GO:0000778	6.42e-306
GO:0000779	6.42e-306
GO:0000780	6.42e-306
GO:0000793	6.42e-306
GO:0000794	6.42e-306
GO:0000819	6.42e-306
GO:0003674	6.42e-306
GO:0003774	6.42e-306
GO:0003777	6.42e-306
GO:0003824	6.42e-306
GO:0005198	6.42e-306
GO:0005200	6.42e-306
GO:0005488	6.42e-306
GO:0005515	6.42e-306
GO:0005575	6.42e-306
GO:0005622	6.42e-306
GO:0005623	6.42e-306
GO:0005634	6.42e-306
GO:0005694	6.42e-306
GO:0005815	6.42e-306
GO:0005816	6.42e-306
GO:0005819	6.42e-306
GO:0005856	6.42e-306
GO:0005871	6.42e-306
GO:0005874	6.42e-306
GO:0005875	6.42e-306
GO:0005876	6.42e-306
GO:0006276	6.42e-306
GO:0006928	6.42e-306
GO:0006996	6.42e-306
GO:0007010	6.42e-306
GO:0007017	6.42e-306
GO:0007018	6.42e-306
GO:0007019	6.42e-306
GO:0007049	6.42e-306
GO:0007051	6.42e-306
GO:0007052	6.42e-306
GO:0007059	6.42e-306
GO:0007080	6.42e-306
GO:0008017	6.42e-306
GO:0008092	6.42e-306
GO:0008150	6.42e-306
GO:0008574	6.42e-306
GO:0009987	6.42e-306
GO:0015630	6.42e-306
GO:0015631	6.42e-306
GO:0016043	6.42e-306
GO:0016462	6.42e-306
GO:0016787	6.42e-306
GO:0016817	6.42e-306
GO:0016818	6.42e-306
GO:0016887	6.42e-306
GO:0017111	6.42e-306
GO:0022402	6.42e-306
GO:0022411	6.42e-306
GO:0022607	6.42e-306
GO:0030541	6.42e-306
GO:0030543	6.42e-306
GO:0031023	6.42e-306
GO:0031109	6.42e-306
GO:0031974	6.42e-306
GO:0031981	6.42e-306
GO:0032984	6.42e-306
GO:0032991	6.42e-306
GO:0042623	6.42e-306
GO:0043226	6.42e-306
GO:0043227	6.42e-306
GO:0043228	6.42e-306
GO:0043229	6.42e-306
GO:0043231	6.42e-306
GO:0043232	6.42e-306
GO:0043233	6.42e-306
GO:0043624	6.42e-306
GO:0043933	6.42e-306
GO:0044085	6.42e-306
GO:0044422	6.42e-306
GO:0044424	6.42e-306
GO:0044427	6.42e-306
GO:0044428	6.42e-306
GO:0044430	6.42e-306
GO:0044446	6.42e-306
GO:0044454	6.42e-306
GO:0044464	6.42e-306
GO:0044732	6.42e-306
GO:0048285	6.42e-306
GO:0050000	6.42e-306
GO:0051179	6.42e-306
GO:0051225	6.42e-306
GO:0051228	6.42e-306
GO:0051230	6.42e-306
GO:0051231	6.42e-306
GO:0051233	6.42e-306
GO:0051234	6.42e-306
GO:0051255	6.42e-306
GO:0051256	6.42e-306
GO:0051261	6.42e-306
GO:0051276	6.42e-306
GO:0051300	6.42e-306
GO:0051303	6.42e-306
GO:0051310	6.42e-306
GO:0051640	6.42e-306
GO:0051641	6.42e-306
GO:0051649	6.42e-306
GO:0051656	6.42e-306
GO:0070013	6.42e-306
GO:0070925	6.42e-306
GO:0071840	6.42e-306
GO:0072686	6.42e-306
GO:0072687	6.42e-306
GO:0090307	6.42e-306
GO:0097435	6.42e-306
GO:0098687	6.42e-306
GO:0098813	6.42e-306
GO:0099080	6.42e-306
GO:0099081	6.42e-306
GO:0099512	6.42e-306
GO:0099513	6.42e-306
GO:0099606	6.42e-306
GO:0110100	6.42e-306
GO:0140014	6.42e-306
GO:1902850	6.42e-306
GO:1903008	6.42e-306
GO:1903047	6.42e-306
GO:1905047	6.42e-306
GO:1990023	6.42e-306
GO:1990939	6.42e-306
GO:0003674	1.08e-305
GO:0003824	1.08e-305
GO:0005488	1.08e-305
GO:0005515	1.08e-305
GO:0005575	1.08e-305
GO:0005622	1.08e-305
GO:0005623	1.08e-305
GO:0005737	1.08e-305
GO:0008150	1.08e-305
GO:0009987	1.08e-305
GO:0016043	1.08e-305
GO:0016289	1.08e-305
GO:0016787	1.08e-305
GO:0016788	1.08e-305
GO:0016790	1.08e-305
GO:0022607	1.08e-305
GO:0042802	1.08e-305
GO:0043933	1.08e-305
GO:0044085	1.08e-305
GO:0044424	1.08e-305
GO:0044464	1.08e-305
GO:0047617	1.08e-305
GO:0051259	1.08e-305
GO:0051260	1.08e-305
GO:0051262	1.08e-305
GO:0051289	1.08e-305
GO:0065003	1.08e-305
GO:0071840	1.08e-305
GO:0002164	2.2e-305
GO:0002165	2.2e-305
GO:0002168	2.2e-305
GO:0003674	2.2e-305
GO:0003824	2.2e-305
GO:0005575	2.2e-305
GO:0005622	2.2e-305
GO:0005623	2.2e-305
GO:0005737	2.2e-305
GO:0005783	2.2e-305
GO:0005788	2.2e-305
GO:0006464	2.2e-305
GO:0006486	2.2e-305
GO:0006493	2.2e-305
GO:0006807	2.2e-305
GO:0007275	2.2e-305
GO:0007591	2.2e-305
GO:0008150	2.2e-305
GO:0008152	2.2e-305
GO:0008194	2.2e-305
GO:0008363	2.2e-305
GO:0008375	2.2e-305
GO:0009058	2.2e-305
GO:0009059	2.2e-305
GO:0009100	2.2e-305
GO:0009101	2.2e-305
GO:0009791	2.2e-305
GO:0009987	2.2e-305
GO:0012505	2.2e-305
GO:0016262	2.2e-305
GO:0016740	2.2e-305
GO:0016757	2.2e-305
GO:0016758	2.2e-305
GO:0018193	2.2e-305
GO:0018210	2.2e-305
GO:0018243	2.2e-305
GO:0019538	2.2e-305
GO:0031974	2.2e-305
GO:0032501	2.2e-305
GO:0032502	2.2e-305
GO:0034645	2.2e-305
GO:0036211	2.2e-305
GO:0040003	2.2e-305
GO:0042303	2.2e-305
GO:0042335	2.2e-305
GO:0042337	2.2e-305
GO:0043170	2.2e-305
GO:0043226	2.2e-305
GO:0043227	2.2e-305
GO:0043229	2.2e-305
GO:0043231	2.2e-305
GO:0043233	2.2e-305
GO:0043412	2.2e-305
GO:0043413	2.2e-305
GO:0044237	2.2e-305
GO:0044238	2.2e-305
GO:0044249	2.2e-305
GO:0044260	2.2e-305
GO:0044267	2.2e-305
GO:0044422	2.2e-305
GO:0044424	2.2e-305
GO:0044432	2.2e-305
GO:0044444	2.2e-305
GO:0044446	2.2e-305
GO:0044464	2.2e-305
GO:0048856	2.2e-305
GO:0070013	2.2e-305
GO:0070085	2.2e-305
GO:0071704	2.2e-305
GO:0097363	2.2e-305
GO:0097370	2.2e-305
GO:0140096	2.2e-305
GO:1901135	2.2e-305
GO:1901137	2.2e-305
GO:1901564	2.2e-305
GO:1901566	2.2e-305
GO:1901576	2.2e-305
GO:0003674	2.77e-305
GO:0003824	2.77e-305
GO:0006139	2.77e-305
GO:0006166	2.77e-305
GO:0006190	2.77e-305
GO:0006725	2.77e-305
GO:0006793	2.77e-305
GO:0006796	2.77e-305
GO:0006807	2.77e-305
GO:0008150	2.77e-305
GO:0008152	2.77e-305
GO:0008252	2.77e-305
GO:0008253	2.77e-305
GO:0009058	2.77e-305
GO:0009116	2.77e-305
GO:0009119	2.77e-305
GO:0009163	2.77e-305
GO:0009987	2.77e-305
GO:0016311	2.77e-305
GO:0016787	2.77e-305
GO:0016788	2.77e-305
GO:0016791	2.77e-305
GO:0018130	2.77e-305
GO:0019438	2.77e-305
GO:0034404	2.77e-305
GO:0034641	2.77e-305
GO:0034654	2.77e-305
GO:0042278	2.77e-305
GO:0042451	2.77e-305
GO:0042455	2.77e-305
GO:0042578	2.77e-305
GO:0043094	2.77e-305
GO:0043101	2.77e-305
GO:0043174	2.77e-305
GO:0044237	2.77e-305
GO:0044238	2.77e-305
GO:0044249	2.77e-305
GO:0044271	2.77e-305
GO:0044281	2.77e-305
GO:0044283	2.77e-305
GO:0046102	2.77e-305
GO:0046103	2.77e-305
GO:0046128	2.77e-305
GO:0046129	2.77e-305
GO:0046483	2.77e-305
GO:0046495	2.77e-305
GO:0050483	2.77e-305
GO:0055086	2.77e-305
GO:0070637	2.77e-305
GO:0071589	2.77e-305
GO:0071590	2.77e-305
GO:0071591	2.77e-305
GO:0071592	2.77e-305
GO:0071704	2.77e-305
GO:0072521	2.77e-305
GO:0072522	2.77e-305
GO:0072524	2.77e-305
GO:0072525	2.77e-305
GO:1901135	2.77e-305
GO:1901137	2.77e-305
GO:1901360	2.77e-305
GO:1901362	2.77e-305
GO:1901564	2.77e-305
GO:1901566	2.77e-305
GO:1901576	2.77e-305
GO:1901657	2.77e-305
GO:1901659	2.77e-305
GO:0000151	3.26e-304
GO:0000153	3.26e-304
GO:0000209	3.26e-304
GO:0000835	3.26e-304
GO:0000836	3.26e-304
GO:0000838	3.26e-304
GO:0000839	3.26e-304
GO:0001701	3.26e-304
GO:0002020	3.26e-304
GO:0002039	3.26e-304
GO:0003674	3.26e-304
GO:0003824	3.26e-304
GO:0004842	3.26e-304
GO:0005488	3.26e-304
GO:0005515	3.26e-304
GO:0005575	3.26e-304
GO:0005622	3.26e-304
GO:0005623	3.26e-304
GO:0005634	3.26e-304
GO:0005654	3.26e-304
GO:0005737	3.26e-304
GO:0005783	3.26e-304
GO:0005789	3.26e-304
GO:0005790	3.26e-304
GO:0006355	3.26e-304
GO:0006417	3.26e-304
GO:0006464	3.26e-304
GO:0006486	3.26e-304
GO:0006487	3.26e-304
GO:0006508	3.26e-304
GO:0006511	3.26e-304
GO:0006517	3.26e-304
GO:0006807	3.26e-304
GO:0006810	3.26e-304
GO:0006886	3.26e-304
GO:0006950	3.26e-304
GO:0006986	3.26e-304
GO:0007154	3.26e-304
GO:0007165	3.26e-304
GO:0007275	3.26e-304
GO:0008104	3.26e-304
GO:0008150	3.26e-304
GO:0008152	3.26e-304
GO:0008270	3.26e-304
GO:0008593	3.26e-304
GO:0009056	3.26e-304
GO:0009057	3.26e-304
GO:0009058	3.26e-304
GO:0009059	3.26e-304
GO:0009100	3.26e-304
GO:0009101	3.26e-304
GO:0009790	3.26e-304
GO:0009792	3.26e-304
GO:0009889	3.26e-304
GO:0009890	3.26e-304
GO:0009892	3.26e-304
GO:0009966	3.26e-304
GO:0009968	3.26e-304
GO:0009987	3.26e-304
GO:0010033	3.26e-304
GO:0010243	3.26e-304
GO:0010468	3.26e-304
GO:0010498	3.26e-304
GO:0010556	3.26e-304
GO:0010558	3.26e-304
GO:0010605	3.26e-304
GO:0010608	3.26e-304
GO:0010620	3.26e-304
GO:0010629	3.26e-304
GO:0010646	3.26e-304
GO:0010648	3.26e-304
GO:0010941	3.26e-304
GO:0012505	3.26e-304
GO:0015031	3.26e-304
GO:0015833	3.26e-304
GO:0016020	3.26e-304
GO:0016021	3.26e-304
GO:0016043	3.26e-304
GO:0016567	3.26e-304
GO:0016740	3.26e-304
GO:0018193	3.26e-304
GO:0018196	3.26e-304
GO:0018279	3.26e-304
GO:0019219	3.26e-304
GO:0019222	3.26e-304
GO:0019538	3.26e-304
GO:0019787	3.26e-304
GO:0019899	3.26e-304
GO:0019941	3.26e-304
GO:0023051	3.26e-304
GO:0023052	3.26e-304
GO:0023057	3.26e-304
GO:0030163	3.26e-304
GO:0030176	3.26e-304
GO:0030433	3.26e-304
GO:0030968	3.26e-304
GO:0030970	3.26e-304
GO:0031224	3.26e-304
GO:0031227	3.26e-304
GO:0031323	3.26e-304
GO:0031324	3.26e-304
GO:0031326	3.26e-304
GO:0031327	3.26e-304
GO:0031505	3.26e-304
GO:0031647	3.26e-304
GO:0031974	3.26e-304
GO:0031981	3.26e-304
GO:0031984	3.26e-304
GO:0032268	3.26e-304
GO:0032446	3.26e-304
GO:0032501	3.26e-304
GO:0032502	3.26e-304
GO:0032527	3.26e-304
GO:0032991	3.26e-304
GO:0033036	3.26e-304
GO:0033554	3.26e-304
GO:0034248	3.26e-304
GO:0034613	3.26e-304
GO:0034620	3.26e-304
GO:0034645	3.26e-304
GO:0034976	3.26e-304
GO:0035264	3.26e-304
GO:0035966	3.26e-304
GO:0035967	3.26e-304
GO:0036211	3.26e-304
GO:0036335	3.26e-304
GO:0036369	3.26e-304
GO:0036490	3.26e-304
GO:0036498	3.26e-304
GO:0036503	3.26e-304
GO:0036507	3.26e-304
GO:0036508	3.26e-304
GO:0036513	3.26e-304
GO:0040007	3.26e-304
GO:0042175	3.26e-304
GO:0042221	3.26e-304
GO:0042592	3.26e-304
GO:0042886	3.26e-304
GO:0042981	3.26e-304
GO:0043009	3.26e-304
GO:0043066	3.26e-304
GO:0043067	3.26e-304
GO:0043069	3.26e-304
GO:0043161	3.26e-304
GO:0043167	3.26e-304
GO:0043169	3.26e-304
GO:0043170	3.26e-304
GO:0043226	3.26e-304
GO:0043227	3.26e-304
GO:0043229	3.26e-304
GO:0043231	3.26e-304
GO:0043233	3.26e-304
GO:0043412	3.26e-304
GO:0043413	3.26e-304
GO:0043555	3.26e-304
GO:0043632	3.26e-304
GO:0044237	3.26e-304
GO:0044238	3.26e-304
GO:0044248	3.26e-304
GO:0044249	3.26e-304
GO:0044257	3.26e-304
GO:0044260	3.26e-304
GO:0044265	3.26e-304
GO:0044267	3.26e-304
GO:0044322	3.26e-304
GO:0044422	3.26e-304
GO:0044424	3.26e-304
GO:0044425	3.26e-304
GO:0044428	3.26e-304
GO:0044432	3.26e-304
GO:0044444	3.26e-304
GO:0044446	3.26e-304
GO:0044464	3.26e-304
GO:0045184	3.26e-304
GO:0045229	3.26e-304
GO:0045892	3.26e-304
GO:0045934	3.26e-304
GO:0046872	3.26e-304
GO:0046907	3.26e-304
GO:0046914	3.26e-304
GO:0048519	3.26e-304
GO:0048523	3.26e-304
GO:0048583	3.26e-304
GO:0048585	3.26e-304
GO:0048589	3.26e-304
GO:0048856	3.26e-304
GO:0048872	3.26e-304
GO:0050789	3.26e-304
GO:0050794	3.26e-304
GO:0050821	3.26e-304
GO:0050896	3.26e-304
GO:0051082	3.26e-304
GO:0051087	3.26e-304
GO:0051117	3.26e-304
GO:0051171	3.26e-304
GO:0051172	3.26e-304
GO:0051179	3.26e-304
GO:0051234	3.26e-304
GO:0051246	3.26e-304
GO:0051252	3.26e-304
GO:0051253	3.26e-304
GO:0051603	3.26e-304
GO:0051641	3.26e-304
GO:0051649	3.26e-304
GO:0051716	3.26e-304
GO:0051865	3.26e-304
GO:0060255	3.26e-304
GO:0060548	3.26e-304
GO:0061630	3.26e-304
GO:0061659	3.26e-304
GO:0065007	3.26e-304
GO:0065008	3.26e-304
GO:0070013	3.26e-304
GO:0070085	3.26e-304
GO:0070647	3.26e-304
GO:0070727	3.26e-304
GO:0070887	3.26e-304
GO:0070936	3.26e-304
GO:0071310	3.26e-304
GO:0071554	3.26e-304
GO:0071555	3.26e-304
GO:0071702	3.26e-304
GO:0071704	3.26e-304
GO:0071705	3.26e-304
GO:0071840	3.26e-304
GO:0071852	3.26e-304
GO:0080090	3.26e-304
GO:0080134	3.26e-304
GO:0080135	3.26e-304
GO:0098796	3.26e-304
GO:0098827	3.26e-304
GO:0140096	3.26e-304
GO:1901135	3.26e-304
GO:1901137	3.26e-304
GO:1901564	3.26e-304
GO:1901565	3.26e-304
GO:1901566	3.26e-304
GO:1901575	3.26e-304
GO:1901576	3.26e-304
GO:1901698	3.26e-304
GO:1902235	3.26e-304
GO:1902236	3.26e-304
GO:1902494	3.26e-304
GO:1902531	3.26e-304
GO:1902532	3.26e-304
GO:1902679	3.26e-304
GO:1903506	3.26e-304
GO:1903507	3.26e-304
GO:1903513	3.26e-304
GO:1903573	3.26e-304
GO:1904380	3.26e-304
GO:1905897	3.26e-304
GO:1990234	3.26e-304
GO:1990381	3.26e-304
GO:2000112	3.26e-304
GO:2000113	3.26e-304
GO:2001141	3.26e-304
GO:2001233	3.26e-304
GO:2001234	3.26e-304
GO:2001242	3.26e-304
GO:2001243	3.26e-304
GO:0001906	3.26e-304
GO:0001907	3.26e-304
GO:0005618	3.26e-304
GO:0005886	3.26e-304
GO:0006629	3.26e-304
GO:0010942	3.26e-304
GO:0016042	3.26e-304
GO:0016298	3.26e-304
GO:0016787	3.26e-304
GO:0016788	3.26e-304
GO:0030312	3.26e-304
GO:0031341	3.26e-304
GO:0031343	3.26e-304
GO:0031640	3.26e-304
GO:0035821	3.26e-304
GO:0043065	3.26e-304
GO:0043068	3.26e-304
GO:0043900	3.26e-304
GO:0043902	3.26e-304
GO:0043903	3.26e-304
GO:0044003	3.26e-304
GO:0044004	3.26e-304
GO:0044068	3.26e-304
GO:0044242	3.26e-304
GO:0044255	3.26e-304
GO:0044364	3.26e-304
GO:0044403	3.26e-304
GO:0044419	3.26e-304
GO:0044531	3.26e-304
GO:0044532	3.26e-304
GO:0044533	3.26e-304
GO:0046486	3.26e-304
GO:0046503	3.26e-304
GO:0047372	3.26e-304
GO:0048518	3.26e-304
GO:0048522	3.26e-304
GO:0051701	3.26e-304
GO:0051704	3.26e-304
GO:0051709	3.26e-304
GO:0051712	3.26e-304
GO:0051817	3.26e-304
GO:0051818	3.26e-304
GO:0051883	3.26e-304
GO:0052040	3.26e-304
GO:0052042	3.26e-304
GO:0052150	3.26e-304
GO:0052151	3.26e-304
GO:0052248	3.26e-304
GO:0052330	3.26e-304
GO:0052433	3.26e-304
GO:0052501	3.26e-304
GO:0052689	3.26e-304
GO:0071944	3.26e-304
GO:0001731	2.15e-302
GO:0002181	2.15e-302
GO:0002183	2.15e-302
GO:0003674	2.15e-302
GO:0003676	2.15e-302
GO:0003723	2.15e-302
GO:0003743	2.15e-302
GO:0005488	2.15e-302
GO:0005515	2.15e-302
GO:0005575	2.15e-302
GO:0005622	2.15e-302
GO:0005623	2.15e-302
GO:0005737	2.15e-302
GO:0006412	2.15e-302
GO:0006413	2.15e-302
GO:0006518	2.15e-302
GO:0006807	2.15e-302
GO:0008135	2.15e-302
GO:0008150	2.15e-302
GO:0008152	2.15e-302
GO:0009058	2.15e-302
GO:0009059	2.15e-302
GO:0009987	2.15e-302
GO:0010467	2.15e-302
GO:0016043	2.15e-302
GO:0016282	2.15e-302
GO:0019538	2.15e-302
GO:0022607	2.15e-302
GO:0022613	2.15e-302
GO:0022618	2.15e-302
GO:0031369	2.15e-302
GO:0032991	2.15e-302
GO:0034622	2.15e-302
GO:0034641	2.15e-302
GO:0034645	2.15e-302
GO:0043021	2.15e-302
GO:0043024	2.15e-302
GO:0043043	2.15e-302
GO:0043170	2.15e-302
GO:0043603	2.15e-302
GO:0043604	2.15e-302
GO:0043614	2.15e-302
GO:0043933	2.15e-302
GO:0044085	2.15e-302
GO:0044237	2.15e-302
GO:0044238	2.15e-302
GO:0044249	2.15e-302
GO:0044260	2.15e-302
GO:0044267	2.15e-302
GO:0044271	2.15e-302
GO:0044424	2.15e-302
GO:0044444	2.15e-302
GO:0044464	2.15e-302
GO:0044877	2.15e-302
GO:0065003	2.15e-302
GO:0070993	2.15e-302
GO:0071704	2.15e-302
GO:0071826	2.15e-302
GO:0071840	2.15e-302
GO:0097159	2.15e-302
GO:1901363	2.15e-302
GO:1901564	2.15e-302
GO:1901566	2.15e-302
GO:1901576	2.15e-302
GO:1990145	2.15e-302
GO:1990904	2.15e-302
GO:0005575	1.13e-300
GO:0005622	1.13e-300
GO:0005623	1.13e-300
GO:0005634	1.13e-300
GO:0005654	1.13e-300
GO:0005737	1.13e-300
GO:0005739	1.13e-300
GO:0005759	1.13e-300
GO:0005829	1.13e-300
GO:0006790	1.13e-300
GO:0008150	1.13e-300
GO:0008152	1.13e-300
GO:0009987	1.13e-300
GO:0016043	1.13e-300
GO:0016226	1.13e-300
GO:0016604	1.13e-300
GO:0022607	1.13e-300
GO:0031163	1.13e-300
GO:0031974	1.13e-300
GO:0031981	1.13e-300
GO:0032991	1.13e-300
GO:0043226	1.13e-300
GO:0043227	1.13e-300
GO:0043229	1.13e-300
GO:0043231	1.13e-300
GO:0043233	1.13e-300
GO:0044085	1.13e-300
GO:0044237	1.13e-300
GO:0044281	1.13e-300
GO:0044422	1.13e-300
GO:0044424	1.13e-300
GO:0044428	1.13e-300
GO:0044429	1.13e-300
GO:0044444	1.13e-300
GO:0044445	1.13e-300
GO:0044446	1.13e-300
GO:0044451	1.13e-300
GO:0044464	1.13e-300
GO:0051186	1.13e-300
GO:0070013	1.13e-300
GO:0071840	1.13e-300
GO:1990221	1.13e-300
GO:0000096	1.13e-300
GO:0000098	1.13e-300
GO:0000166	1.13e-300
GO:0000287	1.13e-300
GO:0001887	1.13e-300
GO:0003674	1.13e-300
GO:0003824	1.13e-300
GO:0004478	1.13e-300
GO:0005488	1.13e-300
GO:0005515	1.13e-300
GO:0005524	1.13e-300
GO:0006082	1.13e-300
GO:0006520	1.13e-300
GO:0006555	1.13e-300
GO:0006556	1.13e-300
GO:0006732	1.13e-300
GO:0006807	1.13e-300
GO:0007275	1.13e-300
GO:0007568	1.13e-300
GO:0007623	1.13e-300
GO:0008144	1.13e-300
GO:0008340	1.13e-300
GO:0009056	1.13e-300
GO:0009058	1.13e-300
GO:0009063	1.13e-300
GO:0009066	1.13e-300
GO:0009068	1.13e-300
GO:0009087	1.13e-300
GO:0009108	1.13e-300
GO:0009314	1.13e-300
GO:0009416	1.13e-300
GO:0009628	1.13e-300
GO:0009719	1.13e-300
GO:0009725	1.13e-300
GO:0010033	1.13e-300
GO:0010243	1.13e-300
GO:0010259	1.13e-300
GO:0010494	1.13e-300
GO:0010883	1.13e-300
GO:0010888	1.13e-300
GO:0014070	1.13e-300
GO:0014074	1.13e-300
GO:0016054	1.13e-300
GO:0016363	1.13e-300
GO:0016597	1.13e-300
GO:0016740	1.13e-300
GO:0016765	1.13e-300
GO:0017076	1.13e-300
GO:0017144	1.13e-300
GO:0019752	1.13e-300
GO:0030554	1.13e-300
GO:0031406	1.13e-300
GO:0032259	1.13e-300
GO:0032501	1.13e-300
GO:0032502	1.13e-300
GO:0032553	1.13e-300
GO:0032555	1.13e-300
GO:0032559	1.13e-300
GO:0032879	1.13e-300
GO:0034097	1.13e-300
GO:0034214	1.13e-300
GO:0034399	1.13e-300
GO:0035639	1.13e-300
GO:0035770	1.13e-300
GO:0036094	1.13e-300
GO:0036464	1.13e-300
GO:0042221	1.13e-300
GO:0042493	1.13e-300
GO:0042802	1.13e-300
GO:0042803	1.13e-300
GO:0043167	1.13e-300
GO:0043168	1.13e-300
GO:0043169	1.13e-300
GO:0043177	1.13e-300
GO:0043228	1.13e-300
GO:0043232	1.13e-300
GO:0043436	1.13e-300
GO:0043531	1.13e-300
GO:0043933	1.13e-300
GO:0044238	1.13e-300
GO:0044248	1.13e-300
GO:0044249	1.13e-300
GO:0044272	1.13e-300
GO:0044273	1.13e-300
GO:0044282	1.13e-300
GO:0046395	1.13e-300
GO:0046500	1.13e-300
GO:0046683	1.13e-300
GO:0046872	1.13e-300
GO:0046983	1.13e-300
GO:0048269	1.13e-300
GO:0048511	1.13e-300
GO:0048519	1.13e-300
GO:0048856	1.13e-300
GO:0050789	1.13e-300
GO:0050896	1.13e-300
GO:0051188	1.13e-300
GO:0051259	1.13e-300
GO:0051260	1.13e-300
GO:0051262	1.13e-300
GO:0051289	1.13e-300
GO:0051291	1.13e-300
GO:0051591	1.13e-300
GO:0051716	1.13e-300
GO:0065003	1.13e-300
GO:0065007	1.13e-300
GO:0065008	1.13e-300
GO:0070887	1.13e-300
GO:0071310	1.13e-300
GO:0071345	1.13e-300
GO:0071704	1.13e-300
GO:0097159	1.13e-300
GO:0097367	1.13e-300
GO:0098601	1.13e-300
GO:1901265	1.13e-300
GO:1901363	1.13e-300
GO:1901564	1.13e-300
GO:1901565	1.13e-300
GO:1901575	1.13e-300
GO:1901576	1.13e-300
GO:1901605	1.13e-300
GO:1901606	1.13e-300
GO:1901698	1.13e-300
GO:1901700	1.13e-300
GO:1902494	1.13e-300
GO:1905952	1.13e-300
GO:1905953	1.13e-300
GO:1990234	1.13e-300
GO:1990823	1.13e-300
GO:1990830	1.13e-300
GO:1990904	1.13e-300
GO:0000049	1.43e-299
GO:0000959	1.43e-299
GO:0002181	1.43e-299
GO:0003674	1.43e-299
GO:0003676	1.43e-299
GO:0003723	1.43e-299
GO:0003824	1.43e-299
GO:0004812	1.43e-299
GO:0004813	1.43e-299
GO:0005488	1.43e-299
GO:0005575	1.43e-299
GO:0005622	1.43e-299
GO:0005623	1.43e-299
GO:0005737	1.43e-299
GO:0005739	1.43e-299
GO:0006082	1.43e-299
GO:0006139	1.43e-299
GO:0006396	1.43e-299
GO:0006399	1.43e-299
GO:0006400	1.43e-299
GO:0006412	1.43e-299
GO:0006418	1.43e-299
GO:0006419	1.43e-299
GO:0006518	1.43e-299
GO:0006520	1.43e-299
GO:0006725	1.43e-299
GO:0006807	1.43e-299
GO:0008033	1.43e-299
GO:0008150	1.43e-299
GO:0008152	1.43e-299
GO:0009058	1.43e-299
GO:0009059	1.43e-299
GO:0009451	1.43e-299
GO:0009987	1.43e-299
GO:0010467	1.43e-299
GO:0016070	1.43e-299
GO:0016597	1.43e-299
GO:0016874	1.43e-299
GO:0016875	1.43e-299
GO:0019538	1.43e-299
GO:0019752	1.43e-299
GO:0031406	1.43e-299
GO:0032543	1.43e-299
GO:0034470	1.43e-299
GO:0034641	1.43e-299
GO:0034645	1.43e-299
GO:0034660	1.43e-299
GO:0036094	1.43e-299
GO:0043038	1.43e-299
GO:0043039	1.43e-299
GO:0043043	1.43e-299
GO:0043167	1.43e-299
GO:0043168	1.43e-299
GO:0043170	1.43e-299
GO:0043177	1.43e-299
GO:0043226	1.43e-299
GO:0043227	1.43e-299
GO:0043229	1.43e-299
GO:0043231	1.43e-299
GO:0043412	1.43e-299
GO:0043436	1.43e-299
GO:0043603	1.43e-299
GO:0043604	1.43e-299
GO:0044237	1.43e-299
GO:0044238	1.43e-299
GO:0044249	1.43e-299
GO:0044260	1.43e-299
GO:0044267	1.43e-299
GO:0044271	1.43e-299
GO:0044281	1.43e-299
GO:0044424	1.43e-299
GO:0044444	1.43e-299
GO:0044464	1.43e-299
GO:0046483	1.43e-299
GO:0070127	1.43e-299
GO:0070143	1.43e-299
GO:0071704	1.43e-299
GO:0090304	1.43e-299
GO:0097159	1.43e-299
GO:0140053	1.43e-299
GO:0140098	1.43e-299
GO:0140101	1.43e-299
GO:1901360	1.43e-299
GO:1901363	1.43e-299
GO:1901564	1.43e-299
GO:1901566	1.43e-299
GO:1901576	1.43e-299
GO:1990762	1.43e-299
GO:0000001	7.109999999999999e-299
GO:0000003	7.109999999999999e-299
GO:0000212	7.109999999999999e-299
GO:0000226	7.109999999999999e-299
GO:0000278	7.109999999999999e-299
GO:0000280	7.109999999999999e-299
GO:0000932	7.109999999999999e-299
GO:0003674	7.109999999999999e-299
GO:0003676	7.109999999999999e-299
GO:0003723	7.109999999999999e-299
GO:0003727	7.109999999999999e-299
GO:0005488	7.109999999999999e-299
GO:0005575	7.109999999999999e-299
GO:0005622	7.109999999999999e-299
GO:0005623	7.109999999999999e-299
GO:0005737	7.109999999999999e-299
GO:0005739	7.109999999999999e-299
GO:0005829	7.109999999999999e-299
GO:0006996	7.109999999999999e-299
GO:0007005	7.109999999999999e-299
GO:0007010	7.109999999999999e-299
GO:0007017	7.109999999999999e-299
GO:0007049	7.109999999999999e-299
GO:0007051	7.109999999999999e-299
GO:0007053	7.109999999999999e-299
GO:0007140	7.109999999999999e-299
GO:0007275	7.109999999999999e-299
GO:0007276	7.109999999999999e-299
GO:0008150	7.109999999999999e-299
GO:0008187	7.109999999999999e-299
GO:0008266	7.109999999999999e-299
GO:0009790	7.109999999999999e-299
GO:0009987	7.109999999999999e-299
GO:0016043	7.109999999999999e-299
GO:0019953	7.109999999999999e-299
GO:0022402	7.109999999999999e-299
GO:0022412	7.109999999999999e-299
GO:0022414	7.109999999999999e-299
GO:0022607	7.109999999999999e-299
GO:0032501	7.109999999999999e-299
GO:0032502	7.109999999999999e-299
GO:0032504	7.109999999999999e-299
GO:0032991	7.109999999999999e-299
GO:0033301	7.109999999999999e-299
GO:0034046	7.109999999999999e-299
GO:0035186	7.109999999999999e-299
GO:0035770	7.109999999999999e-299
GO:0036464	7.109999999999999e-299
GO:0043226	7.109999999999999e-299
GO:0043227	7.109999999999999e-299
GO:0043228	7.109999999999999e-299
GO:0043229	7.109999999999999e-299
GO:0043231	7.109999999999999e-299
GO:0043232	7.109999999999999e-299
GO:0044085	7.109999999999999e-299
GO:0044424	7.109999999999999e-299
GO:0044444	7.109999999999999e-299
GO:0044464	7.109999999999999e-299
GO:0044703	7.109999999999999e-299
GO:0045448	7.109999999999999e-299
GO:0048232	7.109999999999999e-299
GO:0048285	7.109999999999999e-299
GO:0048308	7.109999999999999e-299
GO:0048311	7.109999999999999e-299
GO:0048609	7.109999999999999e-299
GO:0048856	7.109999999999999e-299
GO:0051179	7.109999999999999e-299
GO:0051225	7.109999999999999e-299
GO:0051321	7.109999999999999e-299
GO:0051640	7.109999999999999e-299
GO:0051641	7.109999999999999e-299
GO:0051646	7.109999999999999e-299
GO:0051704	7.109999999999999e-299
GO:0070717	7.109999999999999e-299
GO:0070925	7.109999999999999e-299
GO:0071840	7.109999999999999e-299
GO:0090306	7.109999999999999e-299
GO:0097159	7.109999999999999e-299
GO:0140013	7.109999999999999e-299
GO:1901363	7.109999999999999e-299
GO:1903046	7.109999999999999e-299
GO:1990904	7.109999999999999e-299
GO:0003674	3.53e-297
GO:0003824	3.53e-297
GO:0004620	3.53e-297
GO:0004622	3.53e-297
GO:0005575	3.53e-297
GO:0005623	3.53e-297
GO:0005886	3.53e-297
GO:0006629	3.53e-297
GO:0008150	3.53e-297
GO:0008152	3.53e-297
GO:0016020	3.53e-297
GO:0016298	3.53e-297
GO:0016740	3.53e-297
GO:0016746	3.53e-297
GO:0016747	3.53e-297
GO:0016787	3.53e-297
GO:0016788	3.53e-297
GO:0044238	3.53e-297
GO:0044464	3.53e-297
GO:0052689	3.53e-297
GO:0071704	3.53e-297
GO:0071944	3.53e-297
GO:0005575	3.21e-296
GO:0005622	3.21e-296
GO:0005623	3.21e-296
GO:0005737	3.21e-296
GO:0005829	3.21e-296
GO:0009507	3.21e-296
GO:0009536	3.21e-296
GO:0043226	3.21e-296
GO:0043227	3.21e-296
GO:0043229	3.21e-296
GO:0043231	3.21e-296
GO:0044424	3.21e-296
GO:0044444	3.21e-296
GO:0044464	3.21e-296
GO:0000460	3.99e-296
GO:0000470	3.99e-296
GO:0005575	3.99e-296
GO:0005622	3.99e-296
GO:0005623	3.99e-296
GO:0005634	3.99e-296
GO:0005730	3.99e-296
GO:0006139	3.99e-296
GO:0006364	3.99e-296
GO:0006396	3.99e-296
GO:0006725	3.99e-296
GO:0006807	3.99e-296
GO:0006950	3.99e-296
GO:0006996	3.99e-296
GO:0007154	3.99e-296
GO:0008150	3.99e-296
GO:0008152	3.99e-296
GO:0009267	3.99e-296
GO:0009605	3.99e-296
GO:0009607	3.99e-296
GO:0009987	3.99e-296
GO:0009991	3.99e-296
GO:0010467	3.99e-296
GO:0016043	3.99e-296
GO:0016070	3.99e-296
GO:0016072	3.99e-296
GO:0022613	3.99e-296
GO:0030447	3.99e-296
GO:0030684	3.99e-296
GO:0030686	3.99e-296
GO:0030687	3.99e-296
GO:0031667	3.99e-296
GO:0031668	3.99e-296
GO:0031669	3.99e-296
GO:0031974	3.99e-296
GO:0031981	3.99e-296
GO:0032991	3.99e-296
GO:0033554	3.99e-296
GO:0034470	3.99e-296
GO:0034641	3.99e-296
GO:0034660	3.99e-296
GO:0036170	3.99e-296
GO:0036180	3.99e-296
GO:0040007	3.99e-296
GO:0042254	3.99e-296
GO:0042273	3.99e-296
GO:0042594	3.99e-296
GO:0043170	3.99e-296
GO:0043226	3.99e-296
GO:0043227	3.99e-296
GO:0043228	3.99e-296
GO:0043229	3.99e-296
GO:0043231	3.99e-296
GO:0043232	3.99e-296
GO:0043233	3.99e-296
GO:0044085	3.99e-296
GO:0044182	3.99e-296
GO:0044237	3.99e-296
GO:0044238	3.99e-296
GO:0044422	3.99e-296
GO:0044424	3.99e-296
GO:0044428	3.99e-296
GO:0044446	3.99e-296
GO:0044452	3.99e-296
GO:0044464	3.99e-296
GO:0046483	3.99e-296
GO:0050896	3.99e-296
GO:0051276	3.99e-296
GO:0051716	3.99e-296
GO:0070013	3.99e-296
GO:0070545	3.99e-296
GO:0071496	3.99e-296
GO:0071704	3.99e-296
GO:0071840	3.99e-296
GO:0090304	3.99e-296
GO:1901360	3.99e-296
GO:1990904	3.99e-296
GO:0000118	1.28e-294
GO:0000228	1.28e-294
GO:0000785	1.28e-294
GO:0000790	1.28e-294
GO:0000976	1.28e-294
GO:0000977	1.28e-294
GO:0001012	1.28e-294
GO:0001067	1.28e-294
GO:0003674	1.28e-294
GO:0003676	1.28e-294
GO:0003677	1.28e-294
GO:0003682	1.28e-294
GO:0003690	1.28e-294
GO:0003712	1.28e-294
GO:0005488	1.28e-294
GO:0005515	1.28e-294
GO:0005575	1.28e-294
GO:0005622	1.28e-294
GO:0005623	1.28e-294
GO:0005634	1.28e-294
GO:0005654	1.28e-294
GO:0005694	1.28e-294
GO:0006355	1.28e-294
GO:0008150	1.28e-294
GO:0009889	1.28e-294
GO:0010468	1.28e-294
GO:0010556	1.28e-294
GO:0019219	1.28e-294
GO:0019222	1.28e-294
GO:0031323	1.28e-294
GO:0031326	1.28e-294
GO:0031974	1.28e-294
GO:0031981	1.28e-294
GO:0032991	1.28e-294
GO:0042393	1.28e-294
GO:0043226	1.28e-294
GO:0043227	1.28e-294
GO:0043228	1.28e-294
GO:0043229	1.28e-294
GO:0043231	1.28e-294
GO:0043232	1.28e-294
GO:0043233	1.28e-294
GO:0043565	1.28e-294
GO:0044212	1.28e-294
GO:0044422	1.28e-294
GO:0044424	1.28e-294
GO:0044427	1.28e-294
GO:0044428	1.28e-294
GO:0044446	1.28e-294
GO:0044451	1.28e-294
GO:0044454	1.28e-294
GO:0044464	1.28e-294
GO:0050789	1.28e-294
GO:0050794	1.28e-294
GO:0051171	1.28e-294
GO:0051252	1.28e-294
GO:0060255	1.28e-294
GO:0065007	1.28e-294
GO:0070013	1.28e-294
GO:0070822	1.28e-294
GO:0080090	1.28e-294
GO:0097159	1.28e-294
GO:0140110	1.28e-294
GO:1901363	1.28e-294
GO:1902494	1.28e-294
GO:1903506	1.28e-294
GO:1990837	1.28e-294
GO:2000112	1.28e-294
GO:2001141	1.28e-294
GO:0000099	1.3200000000000001e-294
GO:0000101	1.3200000000000001e-294
GO:0000322	1.3200000000000001e-294
GO:0000323	1.3200000000000001e-294
GO:0000324	1.3200000000000001e-294
GO:0001654	1.3200000000000001e-294
GO:0002088	1.3200000000000001e-294
GO:0003008	1.3200000000000001e-294
GO:0003333	1.3200000000000001e-294
GO:0003674	1.3200000000000001e-294
GO:0005215	1.3200000000000001e-294
GO:0005342	1.3200000000000001e-294
GO:0005575	1.3200000000000001e-294
GO:0005622	1.3200000000000001e-294
GO:0005623	1.3200000000000001e-294
GO:0005737	1.3200000000000001e-294
GO:0005764	1.3200000000000001e-294
GO:0005765	1.3200000000000001e-294
GO:0005768	1.3200000000000001e-294
GO:0005770	1.3200000000000001e-294
GO:0005773	1.3200000000000001e-294
GO:0005774	1.3200000000000001e-294
GO:0005856	1.3200000000000001e-294
GO:0005886	1.3200000000000001e-294
GO:0006082	1.3200000000000001e-294
GO:0006139	1.3200000000000001e-294
GO:0006163	1.3200000000000001e-294
GO:0006518	1.3200000000000001e-294
GO:0006520	1.3200000000000001e-294
GO:0006575	1.3200000000000001e-294
GO:0006725	1.3200000000000001e-294
GO:0006749	1.3200000000000001e-294
GO:0006753	1.3200000000000001e-294
GO:0006790	1.3200000000000001e-294
GO:0006793	1.3200000000000001e-294
GO:0006796	1.3200000000000001e-294
GO:0006807	1.3200000000000001e-294
GO:0006810	1.3200000000000001e-294
GO:0006811	1.3200000000000001e-294
GO:0006820	1.3200000000000001e-294
GO:0006865	1.3200000000000001e-294
GO:0006897	1.3200000000000001e-294
GO:0006909	1.3200000000000001e-294
GO:0006996	1.3200000000000001e-294
GO:0007033	1.3200000000000001e-294
GO:0007040	1.3200000000000001e-294
GO:0007275	1.3200000000000001e-294
GO:0007399	1.3200000000000001e-294
GO:0007417	1.3200000000000001e-294
GO:0007420	1.3200000000000001e-294
GO:0007423	1.3200000000000001e-294
GO:0007610	1.3200000000000001e-294
GO:0007611	1.3200000000000001e-294
GO:0007612	1.3200000000000001e-294
GO:0007613	1.3200000000000001e-294
GO:0007616	1.3200000000000001e-294
GO:0007625	1.3200000000000001e-294
GO:0007626	1.3200000000000001e-294
GO:0007628	1.3200000000000001e-294
GO:0007632	1.3200000000000001e-294
GO:0008150	1.3200000000000001e-294
GO:0008152	1.3200000000000001e-294
GO:0008306	1.3200000000000001e-294
GO:0008344	1.3200000000000001e-294
GO:0008509	1.3200000000000001e-294
GO:0008514	1.3200000000000001e-294
GO:0008542	1.3200000000000001e-294
GO:0009117	1.3200000000000001e-294
GO:0009123	1.3200000000000001e-294
GO:0009126	1.3200000000000001e-294
GO:0009141	1.3200000000000001e-294
GO:0009144	1.3200000000000001e-294
GO:0009150	1.3200000000000001e-294
GO:0009161	1.3200000000000001e-294
GO:0009167	1.3200000000000001e-294
GO:0009199	1.3200000000000001e-294
GO:0009205	1.3200000000000001e-294
GO:0009259	1.3200000000000001e-294
GO:0009314	1.3200000000000001e-294
GO:0009416	1.3200000000000001e-294
GO:0009628	1.3200000000000001e-294
GO:0009889	1.3200000000000001e-294
GO:0009890	1.3200000000000001e-294
GO:0009892	1.3200000000000001e-294
GO:0009987	1.3200000000000001e-294
GO:0010310	1.3200000000000001e-294
